id_assinatura,id_cliente,id_plano,data_inicio,data_fim,status,motivo_cancelamento,churn_flag
A00000,C00000,P1,2021-01-09,,Ativa,,0
A00001,C00001,P1,2021-03-26,2024-06-26,Cancelada,Insatisfação,1
A00002,C00002,P2,2020-12-18,,Ativa,,0
A00003,C00003,P1,2021-11-08,2025-01-22,Cancelada,Insatisfação,1
A00004,C00004,P1,2022-09-13,2023-03-11,Cancelada,Preço,1
A00005,C00005,P1,2020-12-11,,Ativa,,0
A00006,C00006,P3,2021-02-20,,Ativa,,0
A00007,C00007,P3,2021-03-19,,Ativa,,0
A00008,C00008,P1,2020-12-31,,Ativa,,0
A00009,C00009,P2,2022-04-30,,Ativa,,0
A00010,C00010,P4,2020-10-31,,Ativa,,0
A00011,C00011,P2,2022-04-22,2023-09-29,Cancelada,Preço,1
A00012,C00012,P1,2022-09-28,,Ativa,,0
A00013,C00013,P4,2021-01-05,,Ativa,,0
A00014,C00014,P2,2021-07-08,,Ativa,,0
A00015,C00015,P2,2022-06-29,2023-11-17,Cancelada,Concorrência,1
A00016,C00016,P2,2020-08-03,,Ativa,,0
A00017,C00017,P1,2020-08-19,,Ativa,,0
A00018,C00018,P4,2021-09-25,2023-12-12,Cancelada,Insatisfação,1
A00019,C00019,P1,2021-09-10,2023-05-06,Cancelada,Atendimento,1
A00020,C00020,P1,2022-09-21,2024-04-03,Cancelada,Preço,1
A00021,C00021,P1,2022-02-20,,Ativa,,0
A00022,C00022,P1,2022-08-25,,Ativa,,0
A00023,C00023,P1,2022-10-01,2024-05-21,Cancelada,Insatisfação,1
A00024,C00024,P1,2021-08-16,,Ativa,,0
A00025,C00025,P2,2020-07-29,2023-11-27,Cancelada,Insatisfação,1
A00026,C00026,P2,2022-06-17,2024-06-19,Cancelada,Preço,1
A00027,C00027,P3,2021-09-25,,Ativa,,0
A00028,C00028,P1,2022-10-05,,Ativa,,0
A00029,C00029,P4,2022-05-26,2023-04-02,Cancelada,Insatisfação,1
A00030,C00030,P4,2021-03-08,,Ativa,,0
A00031,C00031,P4,2021-01-16,,Ativa,,0
A00032,C00032,P1,2022-11-23,,Ativa,,0
A00033,C00033,P1,2022-07-20,2024-09-11,Cancelada,Insatisfação,1
A00034,C00034,P2,2022-11-24,,Ativa,,0
A00035,C00035,P1,2022-08-15,,Ativa,,0
A00036,C00036,P1,2021-07-20,2023-12-24,Cancelada,Insatisfação,1
A00037,C00037,P1,2020-10-04,,Ativa,,0
A00038,C00038,P2,2021-05-23,,Ativa,,0
A00039,C00039,P1,2020-09-08,,Ativa,,0
A00040,C00040,P1,2020-10-26,,Ativa,,0
A00041,C00041,P1,2020-09-22,,Ativa,,0
A00042,C00042,P1,2021-12-09,,Ativa,,0
A00043,C00043,P1,2020-10-02,,Ativa,,0
A00044,C00044,P3,2022-06-03,,Ativa,,0
A00045,C00045,P3,2021-09-12,2024-02-04,Cancelada,Insatisfação,1
A00046,C00046,P1,2020-12-29,,Ativa,,0
A00047,C00047,P2,2020-11-25,,Ativa,,0
A00048,C00048,P2,2021-01-08,2023-03-30,Cancelada,Preço,1
A00049,C00049,P1,2022-05-01,2024-02-02,Cancelada,Insatisfação,1
A00050,C00050,P2,2021-01-27,2025-01-01,Cancelada,Preço,1
A00051,C00051,P3,2021-01-13,2024-07-15,Cancelada,Preço,1
A00052,C00052,P1,2021-08-23,,Ativa,,0
A00053,C00053,P1,2020-10-25,2024-04-21,Cancelada,Concorrência,1
A00054,C00054,P2,2020-09-03,,Ativa,,0
A00055,C00055,P3,2021-03-15,,Ativa,,0
A00056,C00056,P1,2020-07-25,2023-07-26,Cancelada,Insatisfação,1
A00057,C00057,P1,2022-04-06,,Ativa,,0
A00058,C00058,P1,2022-09-28,,Ativa,,0
A00059,C00059,P1,2021-10-30,,Ativa,,0
A00060,C00060,P1,2021-05-30,,Ativa,,0
A00061,C00061,P2,2021-10-30,,Ativa,,0
A00062,C00062,P4,2021-05-04,,Ativa,,0
A00063,C00063,P1,2021-11-09,2024-04-27,Cancelada,Insatisfação,1
A00064,C00064,P1,2020-07-31,,Ativa,,0
A00065,C00065,P4,2021-02-05,,Ativa,,0
A00066,C00066,P1,2021-05-04,,Ativa,,0
A00067,C00067,P2,2020-09-27,,Ativa,,0
A00068,C00068,P2,2022-09-16,,Ativa,,0
A00069,C00069,P2,2020-09-08,,Ativa,,0
A00070,C00070,P1,2020-08-12,2023-08-23,Cancelada,Insatisfação,1
A00071,C00071,P3,2021-09-13,,Ativa,,0
A00072,C00072,P4,2022-03-03,,Ativa,,0
A00073,C00073,P2,2021-04-28,,Ativa,,0
A00074,C00074,P1,2022-02-19,,Ativa,,0
A00075,C00075,P1,2021-07-20,2023-03-05,Cancelada,Insatisfação,1
A00076,C00076,P1,2022-01-23,,Ativa,,0
A00077,C00077,P4,2021-12-29,2023-07-12,Cancelada,Concorrência,1
A00078,C00078,P3,2022-05-20,,Ativa,,0
A00079,C00079,P2,2022-08-22,,Ativa,,0
A00080,C00080,P3,2021-05-15,,Ativa,,0
A00081,C00081,P1,2021-08-09,2023-06-08,Cancelada,Preço,1
A00082,C00082,P3,2022-09-18,,Ativa,,0
A00083,C00083,P1,2022-08-03,2024-03-03,Cancelada,Preço,1
A00084,C00084,P2,2021-09-19,,Ativa,,0
A00085,C00085,P1,2021-03-02,,Ativa,,0
A00086,C00086,P2,2021-08-08,,Ativa,,0
A00087,C00087,P2,2022-03-07,2024-01-21,Cancelada,Preço,1
A00088,C00088,P1,2022-06-16,,Ativa,,0
A00089,C00089,P2,2020-12-27,,Ativa,,0
A00090,C00090,P2,2021-03-24,,Ativa,,0
A00091,C00091,P1,2021-04-21,,Ativa,,0
A00092,C00092,P1,2022-08-31,,Ativa,,0
A00093,C00093,P3,2021-10-07,,Ativa,,0
A00094,C00094,P2,2022-08-06,,Ativa,,0
A00095,C00095,P2,2022-10-08,,Ativa,,0
A00096,C00096,P3,2021-09-10,,Ativa,,0
A00097,C00097,P3,2021-05-17,2024-12-30,Cancelada,Preço,1
A00098,C00098,P4,2021-07-10,,Ativa,,0
A00099,C00099,P4,2021-08-22,,Ativa,,0
A00100,C00100,P3,2021-12-19,,Ativa,,0
A00101,C00101,P3,2021-01-26,,Ativa,,0
A00102,C00102,P2,2022-05-23,,Ativa,,0
A00103,C00103,P3,2021-11-02,,Ativa,,0
A00104,C00104,P2,2022-08-22,,Ativa,,0
A00105,C00105,P2,2022-09-17,2024-11-15,Cancelada,Concorrência,1
A00106,C00106,P3,2022-01-12,2024-11-21,Cancelada,Preço,1
A00107,C00107,P2,2022-04-14,,Ativa,,0
A00108,C00108,P2,2022-02-05,2024-10-08,Cancelada,Insatisfação,1
A00109,C00109,P2,2022-06-11,,Ativa,,0
A00110,C00110,P1,2021-02-17,,Ativa,,0
A00111,C00111,P2,2021-01-08,2024-04-30,Cancelada,Preço,1
A00112,C00112,P1,2020-07-20,,Ativa,,0
A00113,C00113,P1,2021-04-23,,Ativa,,0
A00114,C00114,P2,2021-03-22,,Ativa,,0
A00115,C00115,P1,2021-03-07,,Ativa,,0
A00116,C00116,P2,2022-02-03,,Ativa,,0
A00117,C00117,P3,2021-06-07,,Ativa,,0
A00118,C00118,P4,2020-08-31,2025-03-19,Cancelada,Insatisfação,1
A00119,C00119,P1,2020-07-19,2025-05-01,Cancelada,Preço,1
A00120,C00120,P2,2021-04-13,,Ativa,,0
A00121,C00121,P2,2022-01-01,,Ativa,,0
A00122,C00122,P1,2022-01-25,,Ativa,,0
A00123,C00123,P2,2021-09-29,,Ativa,,0
A00124,C00124,P2,2022-04-24,,Ativa,,0
A00125,C00125,P2,2021-02-10,,Ativa,,0
A00126,C00126,P4,2021-02-13,,Ativa,,0
A00127,C00127,P1,2022-05-06,2023-07-05,Cancelada,Insatisfação,1
A00128,C00128,P1,2022-11-30,,Ativa,,0
A00129,C00129,P1,2022-07-21,,Ativa,,0
A00130,C00130,P1,2021-06-12,,Ativa,,0
A00131,C00131,P1,2022-04-20,2025-07-05,Cancelada,Preço,1
A00132,C00132,P2,2021-09-22,2025-02-24,Cancelada,Insatisfação,1
A00133,C00133,P1,2022-07-04,,Ativa,,0
A00134,C00134,P1,2021-07-03,2024-03-17,Cancelada,Mudança de necessidade,1
A00135,C00135,P2,2020-11-24,2023-08-12,Cancelada,Insatisfação,1
A00136,C00136,P3,2021-09-21,,Ativa,,0
A00137,C00137,P2,2020-08-03,2023-11-07,Cancelada,Insatisfação,1
A00138,C00138,P2,2021-01-15,,Ativa,,0
A00139,C00139,P3,2021-03-28,,Ativa,,0
A00140,C00140,P2,2021-11-21,2023-08-15,Cancelada,Preço,1
A00141,C00141,P4,2021-03-14,,Ativa,,0
A00142,C00142,P1,2022-11-26,,Ativa,,0
A00143,C00143,P3,2022-08-31,,Ativa,,0
A00144,C00144,P1,2021-04-01,,Ativa,,0
A00145,C00145,P1,2021-01-24,,Ativa,,0
A00146,C00146,P3,2021-01-07,,Ativa,,0
A00147,C00147,P1,2022-10-07,,Ativa,,0
A00148,C00148,P3,2020-10-29,,Ativa,,0
A00149,C00149,P2,2022-09-20,,Ativa,,0
A00150,C00150,P3,2022-02-09,,Ativa,,0
A00151,C00151,P4,2020-08-03,,Ativa,,0
A00152,C00152,P2,2020-10-30,,Ativa,,0
A00153,C00153,P2,2021-06-28,,Ativa,,0
A00154,C00154,P1,2022-06-04,,Ativa,,0
A00155,C00155,P4,2021-02-12,2025-01-06,Cancelada,Preço,1
A00156,C00156,P1,2021-04-06,,Ativa,,0
A00157,C00157,P1,2020-08-03,2025-05-22,Cancelada,Atendimento,1
A00158,C00158,P2,2021-08-29,,Ativa,,0
A00159,C00159,P4,2022-08-19,,Ativa,,0
A00160,C00160,P3,2022-06-23,,Ativa,,0
A00161,C00161,P1,2022-10-10,,Ativa,,0
A00162,C00162,P1,2022-07-02,,Ativa,,0
A00163,C00163,P1,2022-07-23,,Ativa,,0
A00164,C00164,P1,2022-08-29,,Ativa,,0
A00165,C00165,P4,2020-10-09,,Ativa,,0
A00166,C00166,P1,2020-07-30,,Ativa,,0
A00167,C00167,P1,2022-05-31,,Ativa,,0
A00168,C00168,P2,2020-10-23,,Ativa,,0
A00169,C00169,P3,2021-11-21,,Ativa,,0
A00170,C00170,P2,2020-09-03,,Ativa,,0
A00171,C00171,P3,2022-08-19,2023-04-20,Cancelada,Concorrência,1
A00172,C00172,P4,2020-08-18,,Ativa,,0
A00173,C00173,P2,2021-11-02,,Ativa,,0
A00174,C00174,P3,2022-10-24,,Ativa,,0
A00175,C00175,P2,2022-11-27,,Ativa,,0
A00176,C00176,P3,2022-04-03,,Ativa,,0
A00177,C00177,P2,2022-08-11,,Ativa,,0
A00178,C00178,P3,2022-03-31,,Ativa,,0
A00179,C00179,P1,2021-05-24,,Ativa,,0
A00180,C00180,P1,2021-12-02,,Ativa,,0
A00181,C00181,P3,2022-07-19,,Ativa,,0
A00182,C00182,P2,2020-08-24,2024-07-29,Cancelada,Insatisfação,1
A00183,C00183,P1,2022-10-21,2023-09-15,Cancelada,Concorrência,1
A00184,C00184,P1,2021-01-30,,Ativa,,0
A00185,C00185,P2,2021-11-02,,Ativa,,0
A00186,C00186,P3,2022-09-13,,Ativa,,0
A00187,C00187,P1,2022-01-01,,Ativa,,0
A00188,C00188,P2,2021-03-13,,Ativa,,0
A00189,C00189,P2,2021-06-25,,Ativa,,0
A00190,C00190,P2,2021-11-27,,Ativa,,0
A00191,C00191,P4,2021-09-04,,Ativa,,0
A00192,C00192,P2,2021-07-09,2024-12-24,Cancelada,Concorrência,1
A00193,C00193,P1,2022-04-27,,Ativa,,0
A00194,C00194,P1,2022-09-04,,Ativa,,0
A00195,C00195,P3,2020-12-04,2024-12-12,Cancelada,Concorrência,1
A00196,C00196,P3,2021-05-14,,Ativa,,0
A00197,C00197,P3,2022-01-20,,Ativa,,0
A00198,C00198,P1,2021-08-12,2023-10-28,Cancelada,Insatisfação,1
A00199,C00199,P1,2021-09-15,,Ativa,,0
A00200,C00200,P1,2021-06-19,,Ativa,,0
A00201,C00201,P2,2021-06-04,,Ativa,,0
A00202,C00202,P1,2021-12-22,,Ativa,,0
A00203,C00203,P4,2022-03-06,,Ativa,,0
A00204,C00204,P2,2022-03-27,2023-12-04,Cancelada,Atendimento,1
A00205,C00205,P2,2022-05-08,2023-04-29,Cancelada,Atendimento,1
A00206,C00206,P3,2021-06-23,,Ativa,,0
A00207,C00207,P2,2022-08-25,,Ativa,,0
A00208,C00208,P4,2020-11-24,,Ativa,,0
A00209,C00209,P2,2021-07-11,,Ativa,,0
A00210,C00210,P1,2021-07-14,,Ativa,,0
A00211,C00211,P2,2020-11-18,,Ativa,,0
A00212,C00212,P2,2021-07-04,,Ativa,,0
A00213,C00213,P1,2021-10-25,2025-07-20,Cancelada,Insatisfação,1
A00214,C00214,P1,2022-10-24,2024-01-09,Cancelada,Concorrência,1
A00215,C00215,P2,2022-07-12,,Ativa,,0
A00216,C00216,P3,2021-06-05,,Ativa,,0
A00217,C00217,P2,2021-04-14,,Ativa,,0
A00218,C00218,P3,2021-04-14,,Ativa,,0
A00219,C00219,P1,2022-10-31,,Ativa,,0
A00220,C00220,P1,2021-08-07,,Ativa,,0
A00221,C00221,P2,2021-11-12,,Ativa,,0
A00222,C00222,P1,2021-03-18,,Ativa,,0
A00223,C00223,P1,2020-10-04,,Ativa,,0
A00224,C00224,P1,2022-02-11,2024-04-19,Cancelada,Atendimento,1
A00225,C00225,P1,2020-10-02,2024-02-13,Cancelada,Insatisfação,1
A00226,C00226,P2,2020-08-07,,Ativa,,0
A00227,C00227,P2,2022-04-01,2025-08-09,Cancelada,Insatisfação,1
A00228,C00228,P1,2022-08-22,2023-09-21,Cancelada,Insatisfação,1
A00229,C00229,P4,2021-08-01,,Ativa,,0
A00230,C00230,P1,2022-06-06,,Ativa,,0
A00231,C00231,P1,2022-05-26,,Ativa,,0
A00232,C00232,P4,2021-06-14,,Ativa,,0
A00233,C00233,P3,2022-06-19,,Ativa,,0
A00234,C00234,P3,2021-03-17,,Ativa,,0
A00235,C00235,P1,2021-08-01,2024-03-08,Cancelada,Preço,1
A00236,C00236,P3,2022-11-21,2025-04-30,Cancelada,Preço,1
A00237,C00237,P2,2021-10-13,,Ativa,,0
A00238,C00238,P1,2020-10-28,,Ativa,,0
A00239,C00239,P3,2020-10-13,,Ativa,,0
A00240,C00240,P2,2022-09-30,,Ativa,,0
A00241,C00241,P1,2021-09-06,2023-06-19,Cancelada,Atendimento,1
A00242,C00242,P2,2021-10-03,,Ativa,,0
A00243,C00243,P1,2021-10-23,,Ativa,,0
A00244,C00244,P2,2022-09-23,,Ativa,,0
A00245,C00245,P3,2021-11-14,,Ativa,,0
A00246,C00246,P2,2022-08-03,,Ativa,,0
A00247,C00247,P1,2020-10-19,,Ativa,,0
A00248,C00248,P1,2022-02-23,2023-06-28,Cancelada,Concorrência,1
A00249,C00249,P4,2022-03-31,2025-05-04,Cancelada,Atendimento,1
A00250,C00250,P2,2021-10-17,,Ativa,,0
A00251,C00251,P4,2020-08-19,,Ativa,,0
A00252,C00252,P3,2022-01-29,,Ativa,,0
A00253,C00253,P4,2021-05-12,,Ativa,,0
A00254,C00254,P1,2022-05-28,,Ativa,,0
A00255,C00255,P3,2022-10-04,,Ativa,,0
A00256,C00256,P1,2021-08-29,,Ativa,,0
A00257,C00257,P1,2021-03-25,,Ativa,,0
A00258,C00258,P2,2022-01-26,,Ativa,,0
A00259,C00259,P3,2020-12-20,,Ativa,,0
A00260,C00260,P3,2022-01-21,,Ativa,,0
A00261,C00261,P3,2020-10-14,,Ativa,,0
A00262,C00262,P3,2021-04-13,,Ativa,,0
A00263,C00263,P1,2021-07-09,,Ativa,,0
A00264,C00264,P2,2022-06-12,,Ativa,,0
A00265,C00265,P4,2022-10-29,,Ativa,,0
A00266,C00266,P2,2021-07-03,2025-06-15,Cancelada,Insatisfação,1
A00267,C00267,P2,2022-11-26,,Ativa,,0
A00268,C00268,P1,2020-08-29,2024-01-23,Cancelada,Insatisfação,1
A00269,C00269,P1,2022-03-19,,Ativa,,0
A00270,C00270,P2,2022-01-29,,Ativa,,0
A00271,C00271,P2,2020-12-13,,Ativa,,0
A00272,C00272,P1,2022-10-20,2025-02-01,Cancelada,Insatisfação,1
A00273,C00273,P1,2021-01-01,,Ativa,,0
A00274,C00274,P3,2020-10-23,2025-07-03,Cancelada,Atendimento,1
A00275,C00275,P3,2021-01-08,,Ativa,,0
A00276,C00276,P2,2022-10-09,,Ativa,,0
A00277,C00277,P3,2021-10-22,,Ativa,,0
A00278,C00278,P1,2021-01-25,2024-06-18,Cancelada,Concorrência,1
A00279,C00279,P3,2022-03-03,,Ativa,,0
A00280,C00280,P1,2021-09-03,2025-02-20,Cancelada,Insatisfação,1
A00281,C00281,P2,2021-06-26,,Ativa,,0
A00282,C00282,P2,2022-02-07,,Ativa,,0
A00283,C00283,P4,2021-06-17,,Ativa,,0
A00284,C00284,P2,2022-01-30,,Ativa,,0
A00285,C00285,P2,2022-05-16,2024-09-17,Cancelada,Insatisfação,1
A00286,C00286,P1,2021-09-08,,Ativa,,0
A00287,C00287,P1,2021-07-30,,Ativa,,0
A00288,C00288,P2,2022-01-03,,Ativa,,0
A00289,C00289,P4,2021-04-05,2023-08-30,Cancelada,Concorrência,1
A00290,C00290,P3,2020-08-03,,Ativa,,0
A00291,C00291,P1,2020-11-30,,Ativa,,0
A00292,C00292,P2,2021-05-25,,Ativa,,0
A00293,C00293,P4,2020-10-06,,Ativa,,0
A00294,C00294,P4,2020-09-08,,Ativa,,0
A00295,C00295,P3,2021-04-17,,Ativa,,0
A00296,C00296,P2,2021-07-26,,Ativa,,0
A00297,C00297,P4,2021-12-11,,Ativa,,0
A00298,C00298,P1,2022-01-10,2023-04-12,Cancelada,Preço,1
A00299,C00299,P1,2021-01-08,,Ativa,,0
A00300,C00300,P2,2021-02-26,,Ativa,,0
A00301,C00301,P3,2021-08-29,,Ativa,,0
A00302,C00302,P3,2020-09-05,,Ativa,,0
A00303,C00303,P1,2021-06-10,,Ativa,,0
A00304,C00304,P1,2021-03-13,,Ativa,,0
A00305,C00305,P1,2021-11-15,,Ativa,,0
A00306,C00306,P1,2021-05-13,2023-05-25,Cancelada,Concorrência,1
A00307,C00307,P2,2021-11-30,,Ativa,,0
A00308,C00308,P2,2020-12-05,,Ativa,,0
A00309,C00309,P3,2022-10-30,,Ativa,,0
A00310,C00310,P2,2022-08-09,,Ativa,,0
A00311,C00311,P1,2020-10-15,2023-12-09,Cancelada,Insatisfação,1
A00312,C00312,P3,2021-08-29,2024-10-23,Cancelada,Preço,1
A00313,C00313,P4,2022-05-02,,Ativa,,0
A00314,C00314,P1,2020-08-30,2023-10-31,Cancelada,Preço,1
A00315,C00315,P1,2022-02-09,,Ativa,,0
A00316,C00316,P2,2022-10-03,2023-11-17,Cancelada,Insatisfação,1
A00317,C00317,P3,2020-10-14,2025-05-31,Cancelada,Atendimento,1
A00318,C00318,P1,2021-10-16,,Ativa,,0
A00319,C00319,P2,2022-11-30,,Ativa,,0
A00320,C00320,P3,2021-07-14,,Ativa,,0
A00321,C00321,P1,2020-09-16,2025-08-30,Cancelada,Atendimento,1
A00322,C00322,P4,2022-05-09,,Ativa,,0
A00323,C00323,P1,2021-11-17,2023-03-09,Cancelada,Insatisfação,1
A00324,C00324,P3,2022-12-01,2025-04-17,Cancelada,Insatisfação,1
A00325,C00325,P2,2022-11-24,,Ativa,,0
A00326,C00326,P2,2022-08-19,,Ativa,,0
A00327,C00327,P3,2021-02-14,2024-06-26,Cancelada,Atendimento,1
A00328,C00328,P1,2021-10-07,,Ativa,,0
A00329,C00329,P1,2021-04-08,,Ativa,,0
A00330,C00330,P1,2021-03-28,2025-07-05,Cancelada,Insatisfação,1
A00331,C00331,P2,2022-05-06,,Ativa,,0
A00332,C00332,P1,2021-11-02,2024-05-17,Cancelada,Atendimento,1
A00333,C00333,P3,2021-11-28,,Ativa,,0
A00334,C00334,P2,2022-11-15,,Ativa,,0
A00335,C00335,P1,2021-07-02,,Ativa,,0
A00336,C00336,P1,2022-09-08,,Ativa,,0
A00337,C00337,P1,2021-10-28,,Ativa,,0
A00338,C00338,P3,2022-08-06,,Ativa,,0
A00339,C00339,P2,2022-08-02,,Ativa,,0
A00340,C00340,P1,2022-06-15,,Ativa,,0
A00341,C00341,P1,2021-12-24,,Ativa,,0
A00342,C00342,P2,2022-10-07,,Ativa,,0
A00343,C00343,P1,2021-01-11,,Ativa,,0
A00344,C00344,P3,2022-07-02,,Ativa,,0
A00345,C00345,P1,2022-02-28,2025-05-28,Cancelada,Insatisfação,1
A00346,C00346,P1,2021-10-18,2025-06-25,Cancelada,Preço,1
A00347,C00347,P2,2021-11-20,,Ativa,,0
A00348,C00348,P1,2020-11-12,,Ativa,,0
A00349,C00349,P2,2021-12-24,2023-08-31,Cancelada,Mudança de necessidade,1
A00350,C00350,P2,2022-07-10,2024-11-14,Cancelada,Preço,1
A00351,C00351,P2,2021-08-20,,Ativa,,0
A00352,C00352,P1,2022-04-04,2024-03-12,Cancelada,Insatisfação,1
A00353,C00353,P3,2021-08-26,,Ativa,,0
A00354,C00354,P3,2021-08-12,2024-02-01,Cancelada,Insatisfação,1
A00355,C00355,P1,2021-08-15,,Ativa,,0
A00356,C00356,P2,2022-07-04,,Ativa,,0
A00357,C00357,P2,2020-08-15,2025-04-26,Cancelada,Concorrência,1
A00358,C00358,P2,2022-07-31,2025-01-06,Cancelada,Atendimento,1
A00359,C00359,P3,2020-12-30,,Ativa,,0
A00360,C00360,P1,2022-08-30,,Ativa,,0
A00361,C00361,P4,2020-08-13,,Ativa,,0
A00362,C00362,P1,2022-10-28,2024-03-09,Cancelada,Insatisfação,1
A00363,C00363,P3,2022-10-01,,Ativa,,0
A00364,C00364,P3,2020-09-10,,Ativa,,0
A00365,C00365,P3,2021-05-02,,Ativa,,0
A00366,C00366,P2,2022-10-04,,Ativa,,0
A00367,C00367,P4,2022-03-24,,Ativa,,0
A00368,C00368,P4,2021-12-04,,Ativa,,0
A00369,C00369,P2,2022-11-04,,Ativa,,0
A00370,C00370,P3,2022-01-20,,Ativa,,0
A00371,C00371,P1,2021-07-31,,Ativa,,0
A00372,C00372,P1,2022-10-03,,Ativa,,0
A00373,C00373,P3,2022-09-19,,Ativa,,0
A00374,C00374,P1,2021-02-06,2025-08-18,Cancelada,Preço,1
A00375,C00375,P4,2022-04-18,2023-04-17,Cancelada,Preço,1
A00376,C00376,P3,2020-10-04,,Ativa,,0
A00377,C00377,P4,2021-02-16,,Ativa,,0
A00378,C00378,P1,2020-08-13,,Ativa,,0
A00379,C00379,P1,2020-09-18,,Ativa,,0
A00380,C00380,P4,2021-12-08,,Ativa,,0
A00381,C00381,P2,2022-06-19,,Ativa,,0
A00382,C00382,P1,2021-11-13,,Ativa,,0
A00383,C00383,P4,2020-12-11,,Ativa,,0
A00384,C00384,P2,2021-10-09,2024-01-29,Cancelada,Insatisfação,1
A00385,C00385,P1,2021-04-26,,Ativa,,0
A00386,C00386,P1,2022-05-12,2025-05-22,Cancelada,Mudança de necessidade,1
A00387,C00387,P2,2022-01-21,,Ativa,,0
A00388,C00388,P2,2022-05-25,2024-02-26,Cancelada,Insatisfação,1
A00389,C00389,P3,2022-09-30,2024-04-21,Cancelada,Preço,1
A00390,C00390,P2,2020-07-25,,Ativa,,0
A00391,C00391,P4,2022-04-05,,Ativa,,0
A00392,C00392,P4,2022-07-05,,Ativa,,0
A00393,C00393,P3,2022-10-20,,Ativa,,0
A00394,C00394,P3,2020-11-18,2024-05-28,Cancelada,Concorrência,1
A00395,C00395,P3,2021-08-20,,Ativa,,0
A00396,C00396,P1,2022-08-16,,Ativa,,0
A00397,C00397,P3,2021-11-05,,Ativa,,0
A00398,C00398,P2,2022-10-24,,Ativa,,0
A00399,C00399,P4,2022-11-12,,Ativa,,0
A00400,C00400,P2,2020-11-01,,Ativa,,0
A00401,C00401,P1,2022-04-30,,Ativa,,0
A00402,C00402,P2,2021-10-15,,Ativa,,0
A00403,C00403,P3,2020-07-28,,Ativa,,0
A00404,C00404,P3,2021-10-22,,Ativa,,0
A00405,C00405,P1,2021-04-11,,Ativa,,0
A00406,C00406,P2,2021-04-26,,Ativa,,0
A00407,C00407,P2,2020-09-24,,Ativa,,0
A00408,C00408,P1,2020-12-03,,Ativa,,0
A00409,C00409,P1,2021-01-08,2024-05-30,Cancelada,Insatisfação,1
A00410,C00410,P4,2021-02-08,2024-11-04,Cancelada,Preço,1
A00411,C00411,P1,2021-02-15,2024-11-12,Cancelada,Preço,1
A00412,C00412,P2,2021-10-15,2023-06-19,Cancelada,Insatisfação,1
A00413,C00413,P1,2021-10-14,,Ativa,,0
A00414,C00414,P1,2021-01-14,,Ativa,,0
A00415,C00415,P3,2022-02-05,,Ativa,,0
A00416,C00416,P2,2021-01-31,2023-09-10,Cancelada,Concorrência,1
A00417,C00417,P3,2022-03-11,,Ativa,,0
A00418,C00418,P3,2021-08-06,,Ativa,,0
A00419,C00419,P2,2022-07-15,,Ativa,,0
A00420,C00420,P4,2020-09-26,,Ativa,,0
A00421,C00421,P1,2022-02-25,,Ativa,,0
A00422,C00422,P3,2021-10-15,2024-10-28,Cancelada,Preço,1
A00423,C00423,P3,2022-01-07,,Ativa,,0
A00424,C00424,P1,2022-08-19,,Ativa,,0
A00425,C00425,P1,2021-08-23,,Ativa,,0
A00426,C00426,P4,2020-10-25,,Ativa,,0
A00427,C00427,P1,2022-04-30,2025-05-26,Cancelada,Insatisfação,1
A00428,C00428,P2,2020-10-04,2023-10-16,Cancelada,Atendimento,1
A00429,C00429,P2,2022-10-14,,Ativa,,0
A00430,C00430,P2,2022-01-28,2025-02-24,Cancelada,Insatisfação,1
A00431,C00431,P3,2020-08-04,,Ativa,,0
A00432,C00432,P3,2020-08-03,,Ativa,,0
A00433,C00433,P1,2022-05-04,2025-04-16,Cancelada,Concorrência,1
A00434,C00434,P4,2022-09-01,,Ativa,,0
A00435,C00435,P2,2022-02-02,,Ativa,,0
A00436,C00436,P3,2020-11-06,,Ativa,,0
A00437,C00437,P1,2021-12-31,,Ativa,,0
A00438,C00438,P1,2021-10-19,,Ativa,,0
A00439,C00439,P2,2022-08-09,,Ativa,,0
A00440,C00440,P4,2022-05-31,,Ativa,,0
A00441,C00441,P2,2021-07-26,2024-06-22,Cancelada,Concorrência,1
A00442,C00442,P1,2020-10-08,,Ativa,,0
A00443,C00443,P2,2022-08-27,2023-07-26,Cancelada,Insatisfação,1
A00444,C00444,P3,2021-02-12,,Ativa,,0
A00445,C00445,P1,2022-01-08,,Ativa,,0
A00446,C00446,P2,2021-08-19,,Ativa,,0
A00447,C00447,P1,2020-10-30,,Ativa,,0
A00448,C00448,P1,2021-02-18,,Ativa,,0
A00449,C00449,P1,2020-08-18,2025-08-13,Cancelada,Concorrência,1
A00450,C00450,P3,2020-10-16,2024-01-28,Cancelada,Insatisfação,1
A00451,C00451,P1,2022-10-17,2023-06-16,Cancelada,Atendimento,1
A00452,C00452,P2,2022-04-26,2024-04-03,Cancelada,Preço,1
A00453,C00453,P1,2022-07-29,,Ativa,,0
A00454,C00454,P2,2020-07-27,,Ativa,,0
A00455,C00455,P1,2022-08-18,,Ativa,,0
A00456,C00456,P1,2022-02-25,2024-09-14,Cancelada,Atendimento,1
A00457,C00457,P1,2020-12-16,,Ativa,,0
A00458,C00458,P3,2022-05-02,,Ativa,,0
A00459,C00459,P2,2021-07-05,,Ativa,,0
A00460,C00460,P2,2022-02-13,,Ativa,,0
A00461,C00461,P1,2022-05-12,,Ativa,,0
A00462,C00462,P1,2022-10-30,2025-08-31,Cancelada,Concorrência,1
A00463,C00463,P3,2021-10-30,,Ativa,,0
A00464,C00464,P1,2021-05-16,,Ativa,,0
A00465,C00465,P3,2020-08-05,,Ativa,,0
A00466,C00466,P1,2022-06-04,,Ativa,,0
A00467,C00467,P1,2021-05-12,,Ativa,,0
A00468,C00468,P2,2021-03-31,,Ativa,,0
A00469,C00469,P2,2022-09-19,2024-08-26,Cancelada,Insatisfação,1
A00470,C00470,P3,2022-08-30,,Ativa,,0
A00471,C00471,P1,2021-06-07,,Ativa,,0
A00472,C00472,P1,2022-03-28,2024-06-19,Cancelada,Preço,1
A00473,C00473,P2,2022-11-07,2025-05-27,Cancelada,Preço,1
A00474,C00474,P1,2022-09-09,,Ativa,,0
A00475,C00475,P2,2021-01-15,,Ativa,,0
A00476,C00476,P3,2020-10-29,2025-08-17,Cancelada,Insatisfação,1
A00477,C00477,P1,2020-09-10,,Ativa,,0
A00478,C00478,P2,2022-11-15,,Ativa,,0
A00479,C00479,P3,2020-12-15,,Ativa,,0
A00480,C00480,P2,2021-11-07,,Ativa,,0
A00481,C00481,P3,2022-02-03,,Ativa,,0
A00482,C00482,P1,2022-11-27,,Ativa,,0
A00483,C00483,P1,2022-04-30,,Ativa,,0
A00484,C00484,P3,2022-10-08,2025-01-05,Cancelada,Preço,1
A00485,C00485,P1,2022-05-14,,Ativa,,0
A00486,C00486,P2,2022-01-11,2023-09-03,Cancelada,Atendimento,1
A00487,C00487,P1,2021-11-24,,Ativa,,0
A00488,C00488,P1,2022-07-18,2025-05-05,Cancelada,Preço,1
A00489,C00489,P2,2022-06-06,,Ativa,,0
A00490,C00490,P1,2022-11-13,2023-09-24,Cancelada,Concorrência,1
A00491,C00491,P2,2021-05-17,,Ativa,,0
A00492,C00492,P3,2020-11-12,,Ativa,,0
A00493,C00493,P1,2021-01-23,,Ativa,,0
A00494,C00494,P1,2020-11-09,,Ativa,,0
A00495,C00495,P1,2022-10-20,,Ativa,,0
A00496,C00496,P4,2022-08-19,,Ativa,,0
A00497,C00497,P2,2021-02-01,,Ativa,,0
A00498,C00498,P1,2020-08-18,2025-02-25,Cancelada,Atendimento,1
A00499,C00499,P3,2022-06-16,,Ativa,,0
A00500,C00500,P1,2021-01-25,,Ativa,,0
A00501,C00501,P2,2021-04-07,2024-10-31,Cancelada,Insatisfação,1
A00502,C00502,P2,2022-07-05,,Ativa,,0
A00503,C00503,P2,2021-02-18,,Ativa,,0
A00504,C00504,P4,2021-03-27,2023-05-03,Cancelada,Preço,1
A00505,C00505,P2,2020-11-21,,Ativa,,0
A00506,C00506,P1,2021-01-01,2024-08-09,Cancelada,Atendimento,1
A00507,C00507,P2,2020-09-21,,Ativa,,0
A00508,C00508,P1,2021-06-16,2023-12-05,Cancelada,Concorrência,1
A00509,C00509,P4,2020-09-15,,Ativa,,0
A00510,C00510,P1,2022-02-15,,Ativa,,0
A00511,C00511,P3,2021-04-20,2024-05-18,Cancelada,Insatisfação,1
A00512,C00512,P2,2021-09-22,2025-04-06,Cancelada,Preço,1
A00513,C00513,P1,2021-01-05,,Ativa,,0
A00514,C00514,P1,2021-04-20,,Ativa,,0
A00515,C00515,P2,2022-08-22,,Ativa,,0
A00516,C00516,P2,2021-02-19,,Ativa,,0
A00517,C00517,P2,2022-03-08,,Ativa,,0
A00518,C00518,P4,2020-12-04,,Ativa,,0
A00519,C00519,P2,2020-07-15,,Ativa,,0
A00520,C00520,P2,2022-04-02,2023-07-13,Cancelada,Insatisfação,1
A00521,C00521,P1,2021-10-13,,Ativa,,0
A00522,C00522,P2,2021-12-11,,Ativa,,0
A00523,C00523,P2,2022-03-10,,Ativa,,0
A00524,C00524,P1,2021-05-31,,Ativa,,0
A00525,C00525,P3,2020-09-29,2024-08-02,Cancelada,Insatisfação,1
A00526,C00526,P1,2021-01-08,,Ativa,,0
A00527,C00527,P1,2022-03-23,2024-10-13,Cancelada,Insatisfação,1
A00528,C00528,P4,2022-03-02,,Ativa,,0
A00529,C00529,P1,2022-05-05,,Ativa,,0
A00530,C00530,P3,2021-03-14,,Ativa,,0
A00531,C00531,P1,2022-02-24,2024-10-22,Cancelada,Insatisfação,1
A00532,C00532,P1,2021-07-31,2025-03-09,Cancelada,Preço,1
A00533,C00533,P3,2022-08-01,2023-03-09,Cancelada,Insatisfação,1
A00534,C00534,P1,2022-03-12,,Ativa,,0
A00535,C00535,P2,2022-05-28,,Ativa,,0
A00536,C00536,P2,2020-12-30,,Ativa,,0
A00537,C00537,P3,2022-07-06,2024-07-21,Cancelada,Concorrência,1
A00538,C00538,P1,2020-11-25,2024-04-04,Cancelada,Preço,1
A00539,C00539,P1,2020-12-25,,Ativa,,0
A00540,C00540,P2,2021-11-29,,Ativa,,0
A00541,C00541,P2,2021-01-06,2025-03-29,Cancelada,Preço,1
A00542,C00542,P3,2020-09-30,,Ativa,,0
A00543,C00543,P4,2021-02-15,,Ativa,,0
A00544,C00544,P4,2022-01-12,,Ativa,,0
A00545,C00545,P2,2020-10-28,2025-04-05,Cancelada,Preço,1
A00546,C00546,P3,2020-11-01,,Ativa,,0
A00547,C00547,P4,2021-05-20,,Ativa,,0
A00548,C00548,P1,2022-01-20,2025-03-19,Cancelada,Atendimento,1
A00549,C00549,P1,2022-11-03,,Ativa,,0
A00550,C00550,P2,2021-09-03,,Ativa,,0
A00551,C00551,P3,2021-09-13,,Ativa,,0
A00552,C00552,P1,2022-03-11,,Ativa,,0
A00553,C00553,P3,2022-02-12,,Ativa,,0
A00554,C00554,P2,2021-03-31,,Ativa,,0
A00555,C00555,P2,2022-03-22,,Ativa,,0
A00556,C00556,P2,2020-08-28,,Ativa,,0
A00557,C00557,P2,2022-05-30,,Ativa,,0
A00558,C00558,P1,2022-06-30,2024-11-09,Cancelada,Insatisfação,1
A00559,C00559,P1,2020-11-18,,Ativa,,0
A00560,C00560,P1,2021-08-15,2024-07-04,Cancelada,Atendimento,1
A00561,C00561,P3,2021-05-25,2025-08-23,Cancelada,Atendimento,1
A00562,C00562,P3,2021-11-03,,Ativa,,0
A00563,C00563,P3,2021-06-17,2023-07-09,Cancelada,Preço,1
A00564,C00564,P1,2021-06-17,,Ativa,,0
A00565,C00565,P3,2022-08-09,,Ativa,,0
A00566,C00566,P2,2021-04-16,,Ativa,,0
A00567,C00567,P2,2021-12-21,,Ativa,,0
A00568,C00568,P3,2020-09-16,2024-06-21,Cancelada,Preço,1
A00569,C00569,P1,2022-03-21,,Ativa,,0
A00570,C00570,P2,2022-01-05,,Ativa,,0
A00571,C00571,P2,2021-06-07,,Ativa,,0
A00572,C00572,P2,2022-11-13,,Ativa,,0
A00573,C00573,P1,2020-08-16,,Ativa,,0
A00574,C00574,P1,2022-08-11,2024-12-09,Cancelada,Concorrência,1
A00575,C00575,P1,2022-05-10,,Ativa,,0
A00576,C00576,P3,2022-03-15,,Ativa,,0
A00577,C00577,P4,2020-08-02,,Ativa,,0
A00578,C00578,P3,2020-08-11,2025-02-11,Cancelada,Insatisfação,1
A00579,C00579,P1,2021-06-19,,Ativa,,0
A00580,C00580,P1,2021-05-10,,Ativa,,0
A00581,C00581,P2,2022-08-18,,Ativa,,0
A00582,C00582,P1,2022-01-14,2023-04-20,Cancelada,Atendimento,1
A00583,C00583,P2,2021-03-19,,Ativa,,0
A00584,C00584,P4,2021-10-22,,Ativa,,0
A00585,C00585,P1,2022-11-26,,Ativa,,0
A00586,C00586,P3,2021-06-27,,Ativa,,0
A00587,C00587,P2,2022-07-14,,Ativa,,0
A00588,C00588,P3,2020-11-11,,Ativa,,0
A00589,C00589,P3,2020-08-15,,Ativa,,0
A00590,C00590,P2,2021-12-11,2023-10-04,Cancelada,Insatisfação,1
A00591,C00591,P1,2022-11-21,2025-01-23,Cancelada,Concorrência,1
A00592,C00592,P2,2022-10-12,2025-04-06,Cancelada,Insatisfação,1
A00593,C00593,P1,2020-09-18,2025-08-21,Cancelada,Insatisfação,1
A00594,C00594,P3,2021-07-07,,Ativa,,0
A00595,C00595,P2,2022-05-16,,Ativa,,0
A00596,C00596,P1,2022-09-02,2025-01-22,Cancelada,Concorrência,1
A00597,C00597,P1,2020-10-05,,Ativa,,0
A00598,C00598,P3,2022-05-12,,Ativa,,0
A00599,C00599,P1,2022-07-04,,Ativa,,0
A00600,C00600,P2,2022-05-08,,Ativa,,0
A00601,C00601,P3,2020-12-21,2025-08-21,Cancelada,Preço,1
A00602,C00602,P1,2022-02-28,,Ativa,,0
A00603,C00603,P2,2022-08-14,,Ativa,,0
A00604,C00604,P1,2021-07-24,,Ativa,,0
A00605,C00605,P2,2022-10-23,,Ativa,,0
A00606,C00606,P1,2022-04-05,,Ativa,,0
A00607,C00607,P3,2021-05-13,,Ativa,,0
A00608,C00608,P1,2021-03-02,,Ativa,,0
A00609,C00609,P1,2021-12-30,2025-06-27,Cancelada,Atendimento,1
A00610,C00610,P2,2022-07-17,,Ativa,,0
A00611,C00611,P1,2021-06-05,,Ativa,,0
A00612,C00612,P3,2022-01-26,,Ativa,,0
A00613,C00613,P1,2021-03-11,,Ativa,,0
A00614,C00614,P1,2022-07-18,,Ativa,,0
A00615,C00615,P1,2022-07-15,,Ativa,,0
A00616,C00616,P1,2020-10-18,,Ativa,,0
A00617,C00617,P2,2021-08-21,,Ativa,,0
A00618,C00618,P3,2021-04-03,,Ativa,,0
A00619,C00619,P2,2022-03-26,,Ativa,,0
A00620,C00620,P2,2021-09-08,2024-08-08,Cancelada,Concorrência,1
A00621,C00621,P2,2022-10-08,,Ativa,,0
A00622,C00622,P2,2022-07-17,2025-03-22,Cancelada,Insatisfação,1
A00623,C00623,P2,2021-08-24,2024-09-26,Cancelada,Insatisfação,1
A00624,C00624,P1,2022-09-06,,Ativa,,0
A00625,C00625,P1,2021-11-08,,Ativa,,0
A00626,C00626,P3,2021-09-29,,Ativa,,0
A00627,C00627,P1,2022-05-09,,Ativa,,0
A00628,C00628,P3,2022-04-03,,Ativa,,0
A00629,C00629,P1,2022-11-26,,Ativa,,0
A00630,C00630,P1,2022-10-26,,Ativa,,0
A00631,C00631,P4,2022-08-13,,Ativa,,0
A00632,C00632,P2,2021-08-23,,Ativa,,0
A00633,C00633,P1,2020-08-15,,Ativa,,0
A00634,C00634,P1,2021-10-05,2024-08-07,Cancelada,Insatisfação,1
A00635,C00635,P2,2022-09-04,,Ativa,,0
A00636,C00636,P3,2021-12-05,,Ativa,,0
A00637,C00637,P2,2021-03-18,2024-08-07,Cancelada,Insatisfação,1
A00638,C00638,P2,2020-09-05,,Ativa,,0
A00639,C00639,P3,2022-11-21,,Ativa,,0
A00640,C00640,P2,2021-12-18,,Ativa,,0
A00641,C00641,P1,2021-01-13,2023-06-17,Cancelada,Insatisfação,1
A00642,C00642,P2,2021-08-16,2025-05-01,Cancelada,Concorrência,1
A00643,C00643,P2,2021-06-02,,Ativa,,0
A00644,C00644,P3,2020-07-25,,Ativa,,0
A00645,C00645,P2,2022-05-25,,Ativa,,0
A00646,C00646,P1,2022-04-03,,Ativa,,0
A00647,C00647,P1,2021-11-14,2025-05-04,Cancelada,Preço,1
A00648,C00648,P3,2021-07-25,,Ativa,,0
A00649,C00649,P1,2021-01-09,,Ativa,,0
A00650,C00650,P3,2020-12-29,2024-10-11,Cancelada,Concorrência,1
A00651,C00651,P3,2022-11-09,,Ativa,,0
A00652,C00652,P1,2021-01-14,,Ativa,,0
A00653,C00653,P4,2021-06-24,,Ativa,,0
A00654,C00654,P1,2022-06-10,,Ativa,,0
A00655,C00655,P1,2021-08-07,,Ativa,,0
A00656,C00656,P1,2021-03-11,,Ativa,,0
A00657,C00657,P2,2022-09-13,,Ativa,,0
A00658,C00658,P1,2022-04-09,,Ativa,,0
A00659,C00659,P1,2020-12-16,,Ativa,,0
A00660,C00660,P1,2020-10-07,2024-04-10,Cancelada,Insatisfação,1
A00661,C00661,P3,2022-01-03,2023-11-05,Cancelada,Preço,1
A00662,C00662,P2,2021-07-27,,Ativa,,0
A00663,C00663,P4,2020-09-17,2025-02-27,Cancelada,Atendimento,1
A00664,C00664,P1,2022-08-07,,Ativa,,0
A00665,C00665,P2,2021-10-13,2023-03-10,Cancelada,Insatisfação,1
A00666,C00666,P1,2022-04-24,2023-03-06,Cancelada,Concorrência,1
A00667,C00667,P2,2021-06-06,2023-10-30,Cancelada,Concorrência,1
A00668,C00668,P2,2021-09-13,,Ativa,,0
A00669,C00669,P2,2022-02-04,,Ativa,,0
A00670,C00670,P2,2022-11-01,,Ativa,,0
A00671,C00671,P3,2021-11-07,,Ativa,,0
A00672,C00672,P1,2022-06-28,,Ativa,,0
A00673,C00673,P1,2021-01-28,2024-10-23,Cancelada,Insatisfação,1
A00674,C00674,P3,2022-06-01,,Ativa,,0
A00675,C00675,P1,2021-03-23,,Ativa,,0
A00676,C00676,P1,2022-10-25,2024-11-21,Cancelada,Insatisfação,1
A00677,C00677,P4,2022-07-10,,Ativa,,0
A00678,C00678,P2,2021-01-01,,Ativa,,0
A00679,C00679,P2,2021-08-09,,Ativa,,0
A00680,C00680,P2,2022-06-14,,Ativa,,0
A00681,C00681,P2,2022-06-12,,Ativa,,0
A00682,C00682,P2,2022-09-15,,Ativa,,0
A00683,C00683,P1,2021-03-24,,Ativa,,0
A00684,C00684,P1,2020-09-05,,Ativa,,0
A00685,C00685,P2,2020-07-28,,Ativa,,0
A00686,C00686,P3,2022-10-08,,Ativa,,0
A00687,C00687,P1,2022-04-07,,Ativa,,0
A00688,C00688,P2,2021-01-07,,Ativa,,0
A00689,C00689,P2,2020-07-21,,Ativa,,0
A00690,C00690,P1,2021-08-17,,Ativa,,0
A00691,C00691,P2,2022-01-16,2024-11-17,Cancelada,Insatisfação,1
A00692,C00692,P1,2020-11-20,2024-12-30,Cancelada,Insatisfação,1
A00693,C00693,P1,2021-01-29,2025-05-10,Cancelada,Concorrência,1
A00694,C00694,P2,2020-09-01,,Ativa,,0
A00695,C00695,P2,2021-02-16,2024-01-16,Cancelada,Insatisfação,1
A00696,C00696,P3,2021-12-27,2025-01-30,Cancelada,Insatisfação,1
A00697,C00697,P1,2021-03-18,,Ativa,,0
A00698,C00698,P3,2020-11-30,,Ativa,,0
A00699,C00699,P1,2022-11-13,2025-01-05,Cancelada,Insatisfação,1
A00700,C00700,P2,2021-04-23,2025-08-08,Cancelada,Concorrência,1
A00701,C00701,P2,2021-05-28,2023-12-10,Cancelada,Preço,1
A00702,C00702,P2,2021-10-18,2025-07-19,Cancelada,Preço,1
A00703,C00703,P2,2021-02-07,,Ativa,,0
A00704,C00704,P1,2021-07-22,2024-06-06,Cancelada,Concorrência,1
A00705,C00705,P1,2022-04-02,,Ativa,,0
A00706,C00706,P2,2022-10-26,2024-10-17,Cancelada,Atendimento,1
A00707,C00707,P1,2021-08-20,,Ativa,,0
A00708,C00708,P1,2021-03-09,,Ativa,,0
A00709,C00709,P2,2020-08-14,2025-04-01,Cancelada,Insatisfação,1
A00710,C00710,P3,2022-04-21,,Ativa,,0
A00711,C00711,P4,2021-05-23,2023-07-18,Cancelada,Insatisfação,1
A00712,C00712,P2,2020-10-18,,Ativa,,0
A00713,C00713,P1,2022-10-22,,Ativa,,0
A00714,C00714,P1,2022-06-02,2024-12-16,Cancelada,Concorrência,1
A00715,C00715,P3,2020-12-24,,Ativa,,0
A00716,C00716,P2,2021-04-01,2023-12-18,Cancelada,Insatisfação,1
A00717,C00717,P3,2021-09-30,,Ativa,,0
A00718,C00718,P4,2021-07-01,,Ativa,,0
A00719,C00719,P1,2020-12-31,,Ativa,,0
A00720,C00720,P1,2020-08-30,,Ativa,,0
A00721,C00721,P1,2021-07-24,,Ativa,,0
A00722,C00722,P2,2022-04-11,,Ativa,,0
A00723,C00723,P3,2022-04-21,,Ativa,,0
A00724,C00724,P1,2021-11-15,,Ativa,,0
A00725,C00725,P1,2022-10-31,,Ativa,,0
A00726,C00726,P2,2021-03-24,,Ativa,,0
A00727,C00727,P3,2021-10-07,2023-10-25,Cancelada,Concorrência,1
A00728,C00728,P3,2022-03-24,,Ativa,,0
A00729,C00729,P4,2021-10-01,,Ativa,,0
A00730,C00730,P2,2021-08-26,,Ativa,,0
A00731,C00731,P2,2022-07-20,2025-04-27,Cancelada,Concorrência,1
A00732,C00732,P2,2020-10-28,,Ativa,,0
A00733,C00733,P3,2022-05-27,,Ativa,,0
A00734,C00734,P1,2022-02-02,,Ativa,,0
A00735,C00735,P3,2021-03-07,,Ativa,,0
A00736,C00736,P1,2021-11-22,,Ativa,,0
A00737,C00737,P1,2022-04-02,,Ativa,,0
A00738,C00738,P3,2021-12-06,,Ativa,,0
A00739,C00739,P1,2021-07-23,,Ativa,,0
A00740,C00740,P2,2021-11-21,,Ativa,,0
A00741,C00741,P1,2022-02-10,2025-06-29,Cancelada,Concorrência,1
A00742,C00742,P2,2022-02-05,2024-10-03,Cancelada,Preço,1
A00743,C00743,P2,2022-02-07,,Ativa,,0
A00744,C00744,P2,2021-07-23,,Ativa,,0
A00745,C00745,P2,2022-06-10,2025-02-04,Cancelada,Insatisfação,1
A00746,C00746,P1,2021-03-09,,Ativa,,0
A00747,C00747,P2,2022-06-20,2023-04-02,Cancelada,Insatisfação,1
A00748,C00748,P2,2021-01-20,2023-11-22,Cancelada,Preço,1
A00749,C00749,P1,2022-07-31,2024-02-14,Cancelada,Insatisfação,1
A00750,C00750,P4,2021-07-01,2024-12-28,Cancelada,Insatisfação,1
A00751,C00751,P3,2021-01-19,,Ativa,,0
A00752,C00752,P1,2022-08-05,,Ativa,,0
A00753,C00753,P1,2021-03-20,,Ativa,,0
A00754,C00754,P1,2021-06-26,2023-10-02,Cancelada,Insatisfação,1
A00755,C00755,P4,2021-10-21,,Ativa,,0
A00756,C00756,P1,2022-09-04,,Ativa,,0
A00757,C00757,P1,2020-11-16,2024-08-11,Cancelada,Concorrência,1
A00758,C00758,P1,2022-09-26,,Ativa,,0
A00759,C00759,P1,2021-05-12,,Ativa,,0
A00760,C00760,P3,2020-07-31,,Ativa,,0
A00761,C00761,P3,2022-03-09,2024-12-02,Cancelada,Preço,1
A00762,C00762,P2,2020-10-10,,Ativa,,0
A00763,C00763,P1,2021-05-02,,Ativa,,0
A00764,C00764,P3,2020-07-20,,Ativa,,0
A00765,C00765,P3,2021-12-02,,Ativa,,0
A00766,C00766,P4,2021-06-24,,Ativa,,0
A00767,C00767,P2,2020-08-08,,Ativa,,0
A00768,C00768,P2,2022-02-17,2024-12-13,Cancelada,Insatisfação,1
A00769,C00769,P1,2020-08-03,,Ativa,,0
A00770,C00770,P3,2021-08-18,,Ativa,,0
A00771,C00771,P1,2022-07-13,,Ativa,,0
A00772,C00772,P1,2020-12-22,2025-07-31,Cancelada,Insatisfação,1
A00773,C00773,P1,2022-09-14,,Ativa,,0
A00774,C00774,P1,2022-08-03,,Ativa,,0
A00775,C00775,P3,2022-05-06,,Ativa,,0
A00776,C00776,P1,2021-12-11,,Ativa,,0
A00777,C00777,P2,2020-08-15,,Ativa,,0
A00778,C00778,P1,2022-04-27,,Ativa,,0
A00779,C00779,P2,2022-05-31,,Ativa,,0
A00780,C00780,P1,2021-06-18,,Ativa,,0
A00781,C00781,P1,2021-07-15,,Ativa,,0
A00782,C00782,P2,2022-02-08,,Ativa,,0
A00783,C00783,P1,2021-01-11,,Ativa,,0
A00784,C00784,P1,2022-08-20,,Ativa,,0
A00785,C00785,P2,2022-07-30,,Ativa,,0
A00786,C00786,P3,2021-12-03,,Ativa,,0
A00787,C00787,P1,2022-08-14,,Ativa,,0
A00788,C00788,P1,2021-07-10,,Ativa,,0
A00789,C00789,P2,2020-10-15,,Ativa,,0
A00790,C00790,P2,2020-08-26,,Ativa,,0
A00791,C00791,P3,2021-11-05,,Ativa,,0
A00792,C00792,P1,2020-12-09,,Ativa,,0
A00793,C00793,P2,2021-04-29,2025-03-29,Cancelada,Preço,1
A00794,C00794,P2,2021-07-14,,Ativa,,0
A00795,C00795,P1,2022-11-04,,Ativa,,0
A00796,C00796,P3,2021-11-08,2024-06-17,Cancelada,Atendimento,1
A00797,C00797,P1,2022-03-24,,Ativa,,0
A00798,C00798,P1,2021-08-18,2025-02-19,Cancelada,Insatisfação,1
A00799,C00799,P2,2022-11-10,,Ativa,,0
A00800,C00800,P3,2021-07-12,,Ativa,,0
A00801,C00801,P2,2021-02-20,,Ativa,,0
A00802,C00802,P4,2020-11-28,,Ativa,,0
A00803,C00803,P3,2021-09-21,2024-05-14,Cancelada,Concorrência,1
A00804,C00804,P1,2021-10-17,,Ativa,,0
A00805,C00805,P1,2022-05-25,2024-08-01,Cancelada,Concorrência,1
A00806,C00806,P2,2021-05-02,,Ativa,,0
A00807,C00807,P1,2020-07-21,,Ativa,,0
A00808,C00808,P3,2022-03-15,2024-06-05,Cancelada,Insatisfação,1
A00809,C00809,P1,2021-08-14,2025-04-14,Cancelada,Preço,1
A00810,C00810,P1,2020-09-15,2025-01-18,Cancelada,Concorrência,1
A00811,C00811,P2,2022-10-07,2024-02-02,Cancelada,Concorrência,1
A00812,C00812,P2,2021-10-22,,Ativa,,0
A00813,C00813,P2,2020-09-30,,Ativa,,0
A00814,C00814,P1,2020-11-08,,Ativa,,0
A00815,C00815,P1,2021-09-08,,Ativa,,0
A00816,C00816,P1,2021-08-03,,Ativa,,0
A00817,C00817,P3,2022-11-11,,Ativa,,0
A00818,C00818,P3,2021-02-16,,Ativa,,0
A00819,C00819,P1,2022-03-16,,Ativa,,0
A00820,C00820,P3,2020-08-23,2025-01-11,Cancelada,Atendimento,1
A00821,C00821,P4,2020-11-08,,Ativa,,0
A00822,C00822,P2,2020-11-16,,Ativa,,0
A00823,C00823,P2,2021-02-25,,Ativa,,0
A00824,C00824,P1,2020-12-02,2023-05-14,Cancelada,Concorrência,1
A00825,C00825,P3,2022-03-11,,Ativa,,0
A00826,C00826,P2,2022-04-17,2024-07-02,Cancelada,Insatisfação,1
A00827,C00827,P4,2022-05-13,,Ativa,,0
A00828,C00828,P1,2022-08-04,,Ativa,,0
A00829,C00829,P2,2020-12-02,2024-01-12,Cancelada,Preço,1
A00830,C00830,P2,2022-04-26,,Ativa,,0
A00831,C00831,P1,2022-04-05,,Ativa,,0
A00832,C00832,P2,2020-12-23,2024-01-09,Cancelada,Insatisfação,1
A00833,C00833,P1,2021-05-11,,Ativa,,0
A00834,C00834,P1,2020-12-06,,Ativa,,0
A00835,C00835,P4,2022-07-20,,Ativa,,0
A00836,C00836,P2,2022-01-12,2023-04-10,Cancelada,Concorrência,1
A00837,C00837,P4,2020-07-31,2025-07-10,Cancelada,Insatisfação,1
A00838,C00838,P1,2022-01-16,,Ativa,,0
A00839,C00839,P1,2022-10-09,,Ativa,,0
A00840,C00840,P1,2022-10-22,,Ativa,,0
A00841,C00841,P2,2022-07-29,,Ativa,,0
A00842,C00842,P1,2022-04-29,,Ativa,,0
A00843,C00843,P4,2020-10-07,,Ativa,,0
A00844,C00844,P4,2020-07-28,,Ativa,,0
A00845,C00845,P2,2021-02-27,2023-10-03,Cancelada,Preço,1
A00846,C00846,P2,2022-07-23,,Ativa,,0
A00847,C00847,P1,2021-05-21,2024-05-28,Cancelada,Atendimento,1
A00848,C00848,P4,2022-06-19,2025-01-16,Cancelada,Preço,1
A00849,C00849,P2,2020-11-09,,Ativa,,0
A00850,C00850,P2,2022-03-03,,Ativa,,0
A00851,C00851,P2,2021-02-25,,Ativa,,0
A00852,C00852,P2,2021-06-11,,Ativa,,0
A00853,C00853,P3,2022-07-03,2025-06-04,Cancelada,Insatisfação,1
A00854,C00854,P2,2022-08-14,,Ativa,,0
A00855,C00855,P2,2021-12-04,,Ativa,,0
A00856,C00856,P3,2022-10-17,,Ativa,,0
A00857,C00857,P3,2021-03-04,,Ativa,,0
A00858,C00858,P1,2021-09-14,,Ativa,,0
A00859,C00859,P2,2020-12-24,,Ativa,,0
A00860,C00860,P4,2020-08-31,,Ativa,,0
A00861,C00861,P3,2022-11-05,2025-07-09,Cancelada,Preço,1
A00862,C00862,P2,2020-10-05,,Ativa,,0
A00863,C00863,P4,2021-07-24,,Ativa,,0
A00864,C00864,P1,2022-11-24,,Ativa,,0
A00865,C00865,P2,2022-02-08,,Ativa,,0
A00866,C00866,P2,2022-04-09,,Ativa,,0
A00867,C00867,P1,2021-08-05,,Ativa,,0
A00868,C00868,P2,2021-12-15,2024-06-21,Cancelada,Concorrência,1
A00869,C00869,P1,2020-07-23,,Ativa,,0
A00870,C00870,P3,2020-09-05,,Ativa,,0
A00871,C00871,P1,2022-06-25,,Ativa,,0
A00872,C00872,P2,2021-11-30,,Ativa,,0
A00873,C00873,P3,2020-08-28,2024-04-02,Cancelada,Atendimento,1
A00874,C00874,P2,2020-10-06,,Ativa,,0
A00875,C00875,P3,2021-01-16,,Ativa,,0
A00876,C00876,P4,2021-03-18,,Ativa,,0
A00877,C00877,P1,2021-11-27,,Ativa,,0
A00878,C00878,P3,2022-07-30,,Ativa,,0
A00879,C00879,P3,2022-02-12,2025-08-19,Cancelada,Insatisfação,1
A00880,C00880,P2,2021-09-27,2024-12-13,Cancelada,Preço,1
A00881,C00881,P3,2020-09-10,,Ativa,,0
A00882,C00882,P2,2020-10-03,,Ativa,,0
A00883,C00883,P2,2022-10-04,,Ativa,,0
A00884,C00884,P3,2021-06-10,,Ativa,,0
A00885,C00885,P3,2020-09-16,,Ativa,,0
A00886,C00886,P3,2020-11-20,2024-01-19,Cancelada,Insatisfação,1
A00887,C00887,P2,2021-06-17,,Ativa,,0
A00888,C00888,P1,2022-08-11,2023-03-28,Cancelada,Insatisfação,1
A00889,C00889,P1,2021-08-30,2024-12-02,Cancelada,Preço,1
A00890,C00890,P1,2020-07-21,,Ativa,,0
A00891,C00891,P3,2021-01-13,,Ativa,,0
A00892,C00892,P2,2022-08-24,,Ativa,,0
A00893,C00893,P2,2021-08-02,,Ativa,,0
A00894,C00894,P2,2021-07-10,,Ativa,,0
A00895,C00895,P2,2022-07-08,,Ativa,,0
A00896,C00896,P3,2021-08-23,,Ativa,,0
A00897,C00897,P4,2021-10-10,,Ativa,,0
A00898,C00898,P1,2022-02-04,,Ativa,,0
A00899,C00899,P2,2022-02-15,2024-07-17,Cancelada,Insatisfação,1
A00900,C00900,P2,2021-04-25,2024-08-30,Cancelada,Preço,1
A00901,C00901,P2,2022-07-20,,Ativa,,0
A00902,C00902,P1,2021-01-21,,Ativa,,0
A00903,C00903,P1,2020-11-09,2024-04-02,Cancelada,Insatisfação,1
A00904,C00904,P3,2021-02-11,,Ativa,,0
A00905,C00905,P3,2021-06-16,,Ativa,,0
A00906,C00906,P4,2022-03-26,,Ativa,,0
A00907,C00907,P2,2021-07-17,,Ativa,,0
A00908,C00908,P2,2021-05-27,2023-08-09,Cancelada,Preço,1
A00909,C00909,P1,2021-01-07,2023-09-13,Cancelada,Preço,1
A00910,C00910,P3,2021-10-06,,Ativa,,0
A00911,C00911,P1,2021-04-11,,Ativa,,0
A00912,C00912,P1,2022-09-26,,Ativa,,0
A00913,C00913,P1,2021-04-11,,Ativa,,0
A00914,C00914,P2,2020-09-22,2025-03-03,Cancelada,Insatisfação,1
A00915,C00915,P2,2021-05-13,2024-07-27,Cancelada,Concorrência,1
A00916,C00916,P2,2021-07-27,,Ativa,,0
A00917,C00917,P3,2021-04-12,,Ativa,,0
A00918,C00918,P1,2020-11-20,,Ativa,,0
A00919,C00919,P4,2021-01-03,,Ativa,,0
A00920,C00920,P2,2021-12-31,,Ativa,,0
A00921,C00921,P1,2021-01-13,2023-12-16,Cancelada,Preço,1
A00922,C00922,P2,2021-05-30,,Ativa,,0
A00923,C00923,P1,2021-12-01,,Ativa,,0
A00924,C00924,P1,2020-10-17,,Ativa,,0
A00925,C00925,P3,2022-04-07,,Ativa,,0
A00926,C00926,P3,2022-08-11,2023-10-29,Cancelada,Preço,1
A00927,C00927,P2,2021-01-13,2024-04-23,Cancelada,Insatisfação,1
A00928,C00928,P1,2021-06-15,2024-10-23,Cancelada,Atendimento,1
A00929,C00929,P2,2021-03-13,,Ativa,,0
A00930,C00930,P2,2021-09-16,,Ativa,,0
A00931,C00931,P1,2020-11-24,,Ativa,,0
A00932,C00932,P1,2020-08-27,,Ativa,,0
A00933,C00933,P4,2022-06-17,2024-02-13,Cancelada,Preço,1
A00934,C00934,P2,2020-07-25,,Ativa,,0
A00935,C00935,P3,2021-06-18,2024-09-19,Cancelada,Concorrência,1
A00936,C00936,P1,2022-10-29,,Ativa,,0
A00937,C00937,P1,2022-10-07,,Ativa,,0
A00938,C00938,P1,2022-08-26,2025-01-28,Cancelada,Atendimento,1
A00939,C00939,P2,2021-11-04,,Ativa,,0
A00940,C00940,P2,2021-12-31,,Ativa,,0
A00941,C00941,P1,2021-04-25,,Ativa,,0
A00942,C00942,P2,2022-10-02,,Ativa,,0
A00943,C00943,P3,2021-04-14,,Ativa,,0
A00944,C00944,P1,2022-10-05,,Ativa,,0
A00945,C00945,P2,2022-05-11,,Ativa,,0
A00946,C00946,P4,2021-05-02,,Ativa,,0
A00947,C00947,P2,2021-07-13,,Ativa,,0
A00948,C00948,P1,2020-08-28,,Ativa,,0
A00949,C00949,P1,2021-05-13,2025-03-16,Cancelada,Atendimento,1
A00950,C00950,P4,2022-05-14,,Ativa,,0
A00951,C00951,P1,2022-03-26,,Ativa,,0
A00952,C00952,P1,2021-12-21,,Ativa,,0
A00953,C00953,P2,2020-09-05,,Ativa,,0
A00954,C00954,P3,2021-11-10,,Ativa,,0
A00955,C00955,P3,2022-05-23,2023-10-17,Cancelada,Preço,1
A00956,C00956,P2,2021-04-13,,Ativa,,0
A00957,C00957,P2,2021-06-30,2025-04-23,Cancelada,Preço,1
A00958,C00958,P1,2021-08-04,,Ativa,,0
A00959,C00959,P1,2021-08-27,,Ativa,,0
A00960,C00960,P2,2022-09-07,2025-06-20,Cancelada,Insatisfação,1
A00961,C00961,P2,2021-06-26,,Ativa,,0
A00962,C00962,P1,2022-06-02,,Ativa,,0
A00963,C00963,P1,2021-06-25,2025-05-30,Cancelada,Concorrência,1
A00964,C00964,P1,2021-01-10,,Ativa,,0
A00965,C00965,P2,2020-10-23,,Ativa,,0
A00966,C00966,P1,2020-10-18,2024-01-18,Cancelada,Atendimento,1
A00967,C00967,P1,2021-08-04,,Ativa,,0
A00968,C00968,P3,2020-07-19,,Ativa,,0
A00969,C00969,P2,2022-11-02,,Ativa,,0
A00970,C00970,P3,2021-12-20,,Ativa,,0
A00971,C00971,P2,2022-01-03,,Ativa,,0
A00972,C00972,P1,2021-03-20,2023-08-11,Cancelada,Concorrência,1
A00973,C00973,P1,2022-05-24,,Ativa,,0
A00974,C00974,P1,2022-10-31,,Ativa,,0
A00975,C00975,P4,2022-05-06,,Ativa,,0
A00976,C00976,P1,2021-10-28,,Ativa,,0
A00977,C00977,P1,2022-07-22,,Ativa,,0
A00978,C00978,P2,2022-02-23,2023-10-31,Cancelada,Insatisfação,1
A00979,C00979,P1,2021-06-12,,Ativa,,0
A00980,C00980,P1,2021-12-12,2025-02-10,Cancelada,Atendimento,1
A00981,C00981,P1,2020-11-12,2025-02-26,Cancelada,Concorrência,1
A00982,C00982,P1,2022-02-25,,Ativa,,0
A00983,C00983,P3,2021-07-15,,Ativa,,0
A00984,C00984,P1,2022-06-17,,Ativa,,0
A00985,C00985,P2,2021-11-07,,Ativa,,0
A00986,C00986,P1,2021-07-24,,Ativa,,0
A00987,C00987,P2,2020-08-14,,Ativa,,0
A00988,C00988,P1,2022-09-14,,Ativa,,0
A00989,C00989,P3,2022-04-25,,Ativa,,0
A00990,C00990,P3,2021-09-04,,Ativa,,0
A00991,C00991,P4,2022-04-02,,Ativa,,0
A00992,C00992,P1,2022-08-26,,Ativa,,0
A00993,C00993,P1,2021-03-01,,Ativa,,0
A00994,C00994,P2,2022-06-08,,Ativa,,0
A00995,C00995,P2,2021-01-28,,Ativa,,0
A00996,C00996,P2,2020-12-03,,Ativa,,0
A00997,C00997,P4,2021-01-07,,Ativa,,0
A00998,C00998,P2,2021-08-30,,Ativa,,0
A00999,C00999,P3,2022-04-08,,Ativa,,0
A01000,C01000,P3,2022-07-15,,Ativa,,0
A01001,C01001,P2,2020-11-20,,Ativa,,0
A01002,C01002,P1,2021-02-07,,Ativa,,0
A01003,C01003,P1,2021-01-21,,Ativa,,0
A01004,C01004,P1,2022-09-22,,Ativa,,0
A01005,C01005,P1,2021-04-05,2025-06-07,Cancelada,Preço,1
A01006,C01006,P2,2022-06-05,,Ativa,,0
A01007,C01007,P2,2020-09-23,2023-12-18,Cancelada,Insatisfação,1
A01008,C01008,P1,2020-10-15,,Ativa,,0
A01009,C01009,P1,2021-04-02,2024-06-05,Cancelada,Preço,1
A01010,C01010,P2,2021-07-28,,Ativa,,0
A01011,C01011,P4,2022-11-19,2023-11-25,Cancelada,Insatisfação,1
A01012,C01012,P4,2022-09-21,,Ativa,,0
A01013,C01013,P2,2020-10-12,,Ativa,,0
A01014,C01014,P2,2021-09-24,2025-02-05,Cancelada,Preço,1
A01015,C01015,P2,2022-03-10,,Ativa,,0
A01016,C01016,P2,2022-08-05,,Ativa,,0
A01017,C01017,P1,2021-09-25,,Ativa,,0
A01018,C01018,P2,2020-10-23,2023-09-10,Cancelada,Preço,1
A01019,C01019,P1,2020-10-27,,Ativa,,0
A01020,C01020,P1,2021-10-02,,Ativa,,0
A01021,C01021,P1,2022-05-30,2023-07-11,Cancelada,Atendimento,1
A01022,C01022,P1,2021-10-10,,Ativa,,0
A01023,C01023,P1,2022-02-22,2023-12-01,Cancelada,Concorrência,1
A01024,C01024,P2,2021-01-20,,Ativa,,0
A01025,C01025,P1,2020-10-14,,Ativa,,0
A01026,C01026,P1,2020-08-18,,Ativa,,0
A01027,C01027,P4,2020-08-29,,Ativa,,0
A01028,C01028,P3,2022-02-19,,Ativa,,0
A01029,C01029,P2,2021-02-17,,Ativa,,0
A01030,C01030,P3,2021-10-19,,Ativa,,0
A01031,C01031,P3,2020-11-11,,Ativa,,0
A01032,C01032,P3,2022-07-25,,Ativa,,0
A01033,C01033,P2,2022-08-06,,Ativa,,0
A01034,C01034,P4,2022-06-21,,Ativa,,0
A01035,C01035,P2,2021-01-20,,Ativa,,0
A01036,C01036,P2,2022-09-27,,Ativa,,0
A01037,C01037,P3,2020-08-27,,Ativa,,0
A01038,C01038,P1,2021-04-25,2024-07-12,Cancelada,Preço,1
A01039,C01039,P1,2021-04-07,,Ativa,,0
A01040,C01040,P1,2021-01-22,,Ativa,,0
A01041,C01041,P3,2022-07-07,,Ativa,,0
A01042,C01042,P1,2021-03-29,,Ativa,,0
A01043,C01043,P3,2021-07-31,,Ativa,,0
A01044,C01044,P3,2020-12-15,,Ativa,,0
A01045,C01045,P3,2022-11-10,2023-12-26,Cancelada,Preço,1
A01046,C01046,P3,2022-02-16,2024-05-09,Cancelada,Insatisfação,1
A01047,C01047,P3,2020-07-15,2024-02-02,Cancelada,Atendimento,1
A01048,C01048,P2,2020-08-31,,Ativa,,0
A01049,C01049,P3,2021-11-12,,Ativa,,0
A01050,C01050,P2,2021-02-05,2024-10-21,Cancelada,Preço,1
A01051,C01051,P2,2022-08-03,,Ativa,,0
A01052,C01052,P2,2020-09-27,,Ativa,,0
A01053,C01053,P1,2022-07-31,2025-02-26,Cancelada,Insatisfação,1
A01054,C01054,P2,2022-05-31,,Ativa,,0
A01055,C01055,P1,2022-09-28,2024-01-17,Cancelada,Mudança de necessidade,1
A01056,C01056,P3,2021-06-19,2024-03-12,Cancelada,Concorrência,1
A01057,C01057,P1,2022-05-31,,Ativa,,0
A01058,C01058,P1,2022-09-04,,Ativa,,0
A01059,C01059,P1,2021-11-25,2025-02-10,Cancelada,Concorrência,1
A01060,C01060,P1,2021-01-27,2023-04-13,Cancelada,Atendimento,1
A01061,C01061,P2,2021-03-22,,Ativa,,0
A01062,C01062,P1,2022-07-18,,Ativa,,0
A01063,C01063,P3,2022-09-17,,Ativa,,0
A01064,C01064,P1,2021-06-02,,Ativa,,0
A01065,C01065,P2,2020-12-01,,Ativa,,0
A01066,C01066,P2,2021-11-09,,Ativa,,0
A01067,C01067,P1,2021-10-12,,Ativa,,0
A01068,C01068,P3,2022-11-22,2023-04-08,Cancelada,Preço,1
A01069,C01069,P1,2022-06-06,,Ativa,,0
A01070,C01070,P1,2021-03-20,,Ativa,,0
A01071,C01071,P3,2021-05-17,,Ativa,,0
A01072,C01072,P2,2021-11-10,,Ativa,,0
A01073,C01073,P1,2021-09-30,,Ativa,,0
A01074,C01074,P2,2022-01-24,,Ativa,,0
A01075,C01075,P2,2020-11-15,2024-04-25,Cancelada,Atendimento,1
A01076,C01076,P1,2021-09-24,2024-06-25,Cancelada,Insatisfação,1
A01077,C01077,P2,2020-12-18,,Ativa,,0
A01078,C01078,P3,2022-03-27,,Ativa,,0
A01079,C01079,P2,2022-04-16,,Ativa,,0
A01080,C01080,P4,2022-08-09,,Ativa,,0
A01081,C01081,P2,2022-04-28,,Ativa,,0
A01082,C01082,P4,2021-03-10,,Ativa,,0
A01083,C01083,P1,2022-11-27,,Ativa,,0
A01084,C01084,P2,2021-10-08,2023-05-16,Cancelada,Preço,1
A01085,C01085,P1,2021-11-24,,Ativa,,0
A01086,C01086,P2,2020-10-28,,Ativa,,0
A01087,C01087,P1,2021-10-24,,Ativa,,0
A01088,C01088,P4,2021-09-27,2024-05-03,Cancelada,Preço,1
A01089,C01089,P3,2021-07-07,,Ativa,,0
A01090,C01090,P1,2022-10-10,2024-01-12,Cancelada,Concorrência,1
A01091,C01091,P1,2022-09-09,2025-05-21,Cancelada,Insatisfação,1
A01092,C01092,P1,2021-01-19,,Ativa,,0
A01093,C01093,P2,2022-05-23,2024-09-29,Cancelada,Concorrência,1
A01094,C01094,P1,2021-03-11,,Ativa,,0
A01095,C01095,P1,2022-04-19,,Ativa,,0
A01096,C01096,P1,2020-12-04,,Ativa,,0
A01097,C01097,P1,2022-04-29,,Ativa,,0
A01098,C01098,P1,2022-08-10,2025-05-28,Cancelada,Insatisfação,1
A01099,C01099,P3,2020-11-02,,Ativa,,0
A01100,C01100,P1,2021-02-26,,Ativa,,0
A01101,C01101,P2,2022-09-17,,Ativa,,0
A01102,C01102,P1,2021-09-30,,Ativa,,0
A01103,C01103,P3,2021-02-26,,Ativa,,0
A01104,C01104,P4,2020-12-19,,Ativa,,0
A01105,C01105,P4,2020-11-04,,Ativa,,0
A01106,C01106,P1,2021-10-18,,Ativa,,0
A01107,C01107,P1,2020-09-14,,Ativa,,0
A01108,C01108,P3,2022-06-10,,Ativa,,0
A01109,C01109,P1,2022-07-19,2025-05-28,Cancelada,Concorrência,1
A01110,C01110,P1,2021-11-20,2023-06-23,Cancelada,Atendimento,1
A01111,C01111,P1,2022-02-04,,Ativa,,0
A01112,C01112,P1,2021-05-31,,Ativa,,0
A01113,C01113,P1,2021-05-17,2023-06-20,Cancelada,Insatisfação,1
A01114,C01114,P2,2022-04-09,2024-09-29,Cancelada,Atendimento,1
A01115,C01115,P1,2020-08-19,2025-01-08,Cancelada,Insatisfação,1
A01116,C01116,P1,2020-12-29,,Ativa,,0
A01117,C01117,P2,2022-08-22,,Ativa,,0
A01118,C01118,P1,2022-07-20,,Ativa,,0
A01119,C01119,P4,2021-05-26,,Ativa,,0
A01120,C01120,P3,2022-06-27,,Ativa,,0
A01121,C01121,P1,2022-08-19,,Ativa,,0
A01122,C01122,P4,2021-12-06,,Ativa,,0
A01123,C01123,P3,2021-07-17,,Ativa,,0
A01124,C01124,P2,2022-10-19,2023-06-05,Cancelada,Atendimento,1
A01125,C01125,P1,2022-07-02,,Ativa,,0
A01126,C01126,P1,2020-08-24,,Ativa,,0
A01127,C01127,P1,2021-10-29,,Ativa,,0
A01128,C01128,P4,2022-05-30,,Ativa,,0
A01129,C01129,P4,2020-09-11,,Ativa,,0
A01130,C01130,P2,2020-08-13,,Ativa,,0
A01131,C01131,P3,2020-12-13,2023-07-31,Cancelada,Concorrência,1
A01132,C01132,P1,2022-10-02,,Ativa,,0
A01133,C01133,P1,2021-09-27,,Ativa,,0
A01134,C01134,P1,2020-12-20,,Ativa,,0
A01135,C01135,P1,2022-06-24,,Ativa,,0
A01136,C01136,P1,2021-08-08,2025-01-23,Cancelada,Mudança de necessidade,1
A01137,C01137,P3,2020-09-23,,Ativa,,0
A01138,C01138,P1,2021-10-23,,Ativa,,0
A01139,C01139,P2,2021-09-25,,Ativa,,0
A01140,C01140,P4,2022-04-22,2025-03-20,Cancelada,Preço,1
A01141,C01141,P1,2021-08-01,,Ativa,,0
A01142,C01142,P1,2022-09-14,,Ativa,,0
A01143,C01143,P1,2022-08-15,2025-07-11,Cancelada,Insatisfação,1
A01144,C01144,P1,2021-04-28,,Ativa,,0
A01145,C01145,P1,2022-11-24,2024-01-28,Cancelada,Preço,1
A01146,C01146,P3,2021-12-28,,Ativa,,0
A01147,C01147,P3,2021-04-11,,Ativa,,0
A01148,C01148,P2,2020-08-28,,Ativa,,0
A01149,C01149,P3,2020-10-06,,Ativa,,0
A01150,C01150,P2,2022-04-02,,Ativa,,0
A01151,C01151,P4,2020-08-30,,Ativa,,0
A01152,C01152,P4,2021-08-24,2024-05-23,Cancelada,Insatisfação,1
A01153,C01153,P2,2022-09-02,,Ativa,,0
A01154,C01154,P2,2022-07-29,,Ativa,,0
A01155,C01155,P3,2021-09-07,2024-04-19,Cancelada,Preço,1
A01156,C01156,P2,2021-03-07,,Ativa,,0
A01157,C01157,P3,2021-11-13,,Ativa,,0
A01158,C01158,P3,2021-02-13,,Ativa,,0
A01159,C01159,P4,2020-10-07,,Ativa,,0
A01160,C01160,P4,2022-08-07,,Ativa,,0
A01161,C01161,P1,2022-01-09,,Ativa,,0
A01162,C01162,P3,2022-10-08,2023-06-15,Cancelada,Preço,1
A01163,C01163,P2,2022-07-10,,Ativa,,0
A01164,C01164,P2,2022-05-28,,Ativa,,0
A01165,C01165,P3,2022-05-13,,Ativa,,0
A01166,C01166,P1,2021-10-30,,Ativa,,0
A01167,C01167,P3,2021-03-11,,Ativa,,0
A01168,C01168,P3,2022-08-08,,Ativa,,0
A01169,C01169,P4,2021-02-21,,Ativa,,0
A01170,C01170,P1,2021-11-11,2023-08-21,Cancelada,Preço,1
A01171,C01171,P2,2021-11-18,,Ativa,,0
A01172,C01172,P3,2021-10-05,,Ativa,,0
A01173,C01173,P4,2022-08-08,,Ativa,,0
A01174,C01174,P1,2021-02-21,2024-09-06,Cancelada,Insatisfação,1
A01175,C01175,P3,2022-09-02,,Ativa,,0
A01176,C01176,P3,2021-07-05,2023-10-30,Cancelada,Insatisfação,1
A01177,C01177,P3,2021-11-07,,Ativa,,0
A01178,C01178,P3,2022-11-25,,Ativa,,0
A01179,C01179,P1,2021-01-12,,Ativa,,0
A01180,C01180,P1,2020-08-15,2025-02-26,Cancelada,Insatisfação,1
A01181,C01181,P1,2022-05-19,,Ativa,,0
A01182,C01182,P4,2022-01-11,,Ativa,,0
A01183,C01183,P1,2021-02-24,2023-03-29,Cancelada,Concorrência,1
A01184,C01184,P1,2021-09-11,,Ativa,,0
A01185,C01185,P4,2021-04-26,,Ativa,,0
A01186,C01186,P2,2022-02-01,,Ativa,,0
A01187,C01187,P2,2022-09-09,,Ativa,,0
A01188,C01188,P1,2022-02-16,2024-03-31,Cancelada,Concorrência,1
A01189,C01189,P4,2021-10-28,,Ativa,,0
A01190,C01190,P4,2022-01-15,,Ativa,,0
A01191,C01191,P2,2022-10-31,,Ativa,,0
A01192,C01192,P2,2022-07-31,,Ativa,,0
A01193,C01193,P3,2021-11-24,,Ativa,,0
A01194,C01194,P3,2022-05-12,,Ativa,,0
A01195,C01195,P3,2021-06-26,,Ativa,,0
A01196,C01196,P3,2020-09-11,,Ativa,,0
A01197,C01197,P2,2021-09-25,,Ativa,,0
A01198,C01198,P1,2021-08-29,,Ativa,,0
A01199,C01199,P1,2021-12-07,,Ativa,,0
A01200,C01200,P1,2021-11-17,,Ativa,,0
A01201,C01201,P3,2021-08-13,2023-12-17,Cancelada,Concorrência,1
A01202,C01202,P1,2022-02-21,,Ativa,,0
A01203,C01203,P2,2022-05-14,,Ativa,,0
A01204,C01204,P1,2022-01-02,2024-09-22,Cancelada,Insatisfação,1
A01205,C01205,P2,2022-11-28,2024-02-26,Cancelada,Preço,1
A01206,C01206,P2,2022-09-22,,Ativa,,0
A01207,C01207,P1,2021-10-19,,Ativa,,0
A01208,C01208,P1,2020-07-22,2025-01-17,Cancelada,Preço,1
A01209,C01209,P1,2022-01-06,,Ativa,,0
A01210,C01210,P3,2020-12-28,,Ativa,,0
A01211,C01211,P4,2022-03-07,2023-11-19,Cancelada,Concorrência,1
A01212,C01212,P1,2022-01-10,2024-03-14,Cancelada,Insatisfação,1
A01213,C01213,P2,2021-06-10,2025-06-09,Cancelada,Concorrência,1
A01214,C01214,P1,2020-10-09,,Ativa,,0
A01215,C01215,P3,2020-12-21,,Ativa,,0
A01216,C01216,P2,2022-08-17,,Ativa,,0
A01217,C01217,P1,2020-12-07,,Ativa,,0
A01218,C01218,P1,2021-06-25,,Ativa,,0
A01219,C01219,P2,2021-02-07,2024-10-16,Cancelada,Insatisfação,1
A01220,C01220,P1,2021-08-02,,Ativa,,0
A01221,C01221,P1,2022-04-29,,Ativa,,0
A01222,C01222,P2,2020-11-13,,Ativa,,0
A01223,C01223,P1,2021-07-15,2023-04-23,Cancelada,Atendimento,1
A01224,C01224,P4,2021-04-22,,Ativa,,0
A01225,C01225,P3,2021-10-27,,Ativa,,0
A01226,C01226,P1,2022-02-11,,Ativa,,0
A01227,C01227,P1,2022-06-11,2024-04-22,Cancelada,Atendimento,1
A01228,C01228,P1,2022-11-11,,Ativa,,0
A01229,C01229,P3,2021-12-07,,Ativa,,0
A01230,C01230,P1,2020-07-30,2025-02-21,Cancelada,Concorrência,1
A01231,C01231,P1,2021-08-26,,Ativa,,0
A01232,C01232,P1,2020-12-05,,Ativa,,0
A01233,C01233,P1,2020-11-17,,Ativa,,0
A01234,C01234,P1,2021-11-29,,Ativa,,0
A01235,C01235,P4,2021-08-29,,Ativa,,0
A01236,C01236,P1,2022-05-21,,Ativa,,0
A01237,C01237,P1,2021-05-01,2024-05-13,Cancelada,Preço,1
A01238,C01238,P2,2021-03-04,,Ativa,,0
A01239,C01239,P1,2022-10-22,2024-07-25,Cancelada,Insatisfação,1
A01240,C01240,P1,2022-10-12,,Ativa,,0
A01241,C01241,P2,2022-06-27,,Ativa,,0
A01242,C01242,P4,2022-03-23,,Ativa,,0
A01243,C01243,P4,2022-01-18,,Ativa,,0
A01244,C01244,P1,2021-05-14,2024-07-12,Cancelada,Insatisfação,1
A01245,C01245,P2,2022-05-29,,Ativa,,0
A01246,C01246,P1,2021-12-05,2024-11-11,Cancelada,Atendimento,1
A01247,C01247,P4,2020-10-08,,Ativa,,0
A01248,C01248,P3,2021-05-25,,Ativa,,0
A01249,C01249,P2,2020-08-28,,Ativa,,0
A01250,C01250,P3,2020-08-13,,Ativa,,0
A01251,C01251,P1,2021-01-11,,Ativa,,0
A01252,C01252,P3,2022-01-28,,Ativa,,0
A01253,C01253,P1,2022-06-29,,Ativa,,0
A01254,C01254,P2,2022-07-31,,Ativa,,0
A01255,C01255,P3,2022-03-11,,Ativa,,0
A01256,C01256,P1,2022-06-11,2024-01-15,Cancelada,Atendimento,1
A01257,C01257,P2,2021-07-16,,Ativa,,0
A01258,C01258,P3,2021-05-04,,Ativa,,0
A01259,C01259,P3,2021-09-03,2023-10-25,Cancelada,Atendimento,1
A01260,C01260,P2,2021-07-05,,Ativa,,0
A01261,C01261,P1,2021-12-07,,Ativa,,0
A01262,C01262,P3,2021-11-12,,Ativa,,0
A01263,C01263,P2,2022-03-12,,Ativa,,0
A01264,C01264,P2,2022-04-09,,Ativa,,0
A01265,C01265,P1,2022-08-17,,Ativa,,0
A01266,C01266,P1,2021-09-06,,Ativa,,0
A01267,C01267,P1,2021-11-11,2023-07-20,Cancelada,Concorrência,1
A01268,C01268,P2,2021-09-14,,Ativa,,0
A01269,C01269,P2,2022-10-29,,Ativa,,0
A01270,C01270,P3,2021-07-12,,Ativa,,0
A01271,C01271,P1,2022-07-14,2024-04-24,Cancelada,Atendimento,1
A01272,C01272,P2,2022-08-04,,Ativa,,0
A01273,C01273,P1,2020-08-06,,Ativa,,0
A01274,C01274,P1,2021-06-20,,Ativa,,0
A01275,C01275,P2,2021-04-15,,Ativa,,0
A01276,C01276,P1,2022-05-07,,Ativa,,0
A01277,C01277,P1,2021-03-18,2024-10-12,Cancelada,Insatisfação,1
A01278,C01278,P2,2022-02-28,2024-11-06,Cancelada,Preço,1
A01279,C01279,P1,2022-01-26,2023-11-26,Cancelada,Mudança de necessidade,1
A01280,C01280,P3,2021-05-16,,Ativa,,0
A01281,C01281,P2,2021-05-19,,Ativa,,0
A01282,C01282,P1,2022-04-03,,Ativa,,0
A01283,C01283,P3,2021-04-30,,Ativa,,0
A01284,C01284,P1,2022-01-15,,Ativa,,0
A01285,C01285,P1,2021-07-30,2025-01-24,Cancelada,Concorrência,1
A01286,C01286,P3,2021-09-04,2023-04-07,Cancelada,Preço,1
A01287,C01287,P1,2022-01-10,,Ativa,,0
A01288,C01288,P3,2022-07-15,,Ativa,,0
A01289,C01289,P1,2022-10-27,,Ativa,,0
A01290,C01290,P1,2021-11-04,2023-03-31,Cancelada,Insatisfação,1
A01291,C01291,P1,2021-11-04,,Ativa,,0
A01292,C01292,P2,2020-10-12,2023-08-31,Cancelada,Insatisfação,1
A01293,C01293,P4,2022-04-25,,Ativa,,0
A01294,C01294,P2,2020-08-28,,Ativa,,0
A01295,C01295,P4,2021-09-24,,Ativa,,0
A01296,C01296,P1,2022-11-17,2025-03-30,Cancelada,Preço,1
A01297,C01297,P1,2021-10-24,,Ativa,,0
A01298,C01298,P3,2022-01-22,,Ativa,,0
A01299,C01299,P1,2021-08-12,,Ativa,,0
A01300,C01300,P1,2021-05-17,,Ativa,,0
A01301,C01301,P1,2022-07-25,,Ativa,,0
A01302,C01302,P1,2021-09-08,,Ativa,,0
A01303,C01303,P3,2022-03-14,,Ativa,,0
A01304,C01304,P1,2022-09-14,,Ativa,,0
A01305,C01305,P2,2021-02-13,,Ativa,,0
A01306,C01306,P1,2021-08-08,,Ativa,,0
A01307,C01307,P4,2022-11-06,,Ativa,,0
A01308,C01308,P3,2022-04-26,,Ativa,,0
A01309,C01309,P4,2022-09-14,,Ativa,,0
A01310,C01310,P3,2020-09-06,,Ativa,,0
A01311,C01311,P1,2020-07-29,,Ativa,,0
A01312,C01312,P3,2020-12-23,,Ativa,,0
A01313,C01313,P1,2022-09-15,,Ativa,,0
A01314,C01314,P1,2022-03-27,2024-04-14,Cancelada,Insatisfação,1
A01315,C01315,P1,2022-08-04,,Ativa,,0
A01316,C01316,P2,2022-11-17,2024-03-22,Cancelada,Insatisfação,1
A01317,C01317,P2,2022-07-26,,Ativa,,0
A01318,C01318,P1,2021-12-05,2025-01-06,Cancelada,Preço,1
A01319,C01319,P1,2021-04-06,,Ativa,,0
A01320,C01320,P4,2020-11-04,,Ativa,,0
A01321,C01321,P3,2020-08-15,,Ativa,,0
A01322,C01322,P1,2022-06-05,2024-05-09,Cancelada,Atendimento,1
A01323,C01323,P2,2021-05-04,,Ativa,,0
A01324,C01324,P1,2020-08-21,2023-03-19,Cancelada,Atendimento,1
A01325,C01325,P1,2022-02-14,,Ativa,,0
A01326,C01326,P3,2020-10-22,2025-02-01,Cancelada,Preço,1
A01327,C01327,P2,2020-10-21,2023-08-02,Cancelada,Atendimento,1
A01328,C01328,P2,2021-11-19,,Ativa,,0
A01329,C01329,P2,2020-08-04,,Ativa,,0
A01330,C01330,P2,2020-11-13,,Ativa,,0
A01331,C01331,P1,2021-12-24,,Ativa,,0
A01332,C01332,P1,2021-09-15,,Ativa,,0
A01333,C01333,P3,2021-02-21,,Ativa,,0
A01334,C01334,P1,2020-08-21,2024-09-29,Cancelada,Insatisfação,1
A01335,C01335,P1,2020-11-22,2024-03-19,Cancelada,Concorrência,1
A01336,C01336,P1,2021-03-14,,Ativa,,0
A01337,C01337,P2,2022-01-29,2025-01-22,Cancelada,Preço,1
A01338,C01338,P1,2022-04-22,,Ativa,,0
A01339,C01339,P2,2022-06-05,,Ativa,,0
A01340,C01340,P3,2021-03-27,,Ativa,,0
A01341,C01341,P3,2022-10-01,,Ativa,,0
A01342,C01342,P3,2022-03-03,,Ativa,,0
A01343,C01343,P2,2022-06-15,,Ativa,,0
A01344,C01344,P2,2020-11-23,,Ativa,,0
A01345,C01345,P3,2022-09-29,,Ativa,,0
A01346,C01346,P1,2022-02-08,,Ativa,,0
A01347,C01347,P1,2022-10-27,2024-04-15,Cancelada,Preço,1
A01348,C01348,P1,2022-10-29,,Ativa,,0
A01349,C01349,P1,2022-09-07,2024-06-12,Cancelada,Insatisfação,1
A01350,C01350,P3,2020-11-09,,Ativa,,0
A01351,C01351,P3,2021-06-26,,Ativa,,0
A01352,C01352,P4,2022-08-29,,Ativa,,0
A01353,C01353,P3,2022-03-27,,Ativa,,0
A01354,C01354,P3,2022-11-07,,Ativa,,0
A01355,C01355,P2,2022-07-08,,Ativa,,0
A01356,C01356,P2,2020-07-27,,Ativa,,0
A01357,C01357,P1,2022-03-19,,Ativa,,0
A01358,C01358,P2,2020-12-26,,Ativa,,0
A01359,C01359,P4,2022-01-07,,Ativa,,0
A01360,C01360,P2,2022-06-20,,Ativa,,0
A01361,C01361,P1,2021-07-13,,Ativa,,0
A01362,C01362,P1,2021-06-15,2023-04-09,Cancelada,Insatisfação,1
A01363,C01363,P1,2020-12-31,2024-12-19,Cancelada,Mudança de necessidade,1
A01364,C01364,P1,2022-06-17,,Ativa,,0
A01365,C01365,P2,2022-01-17,2024-06-17,Cancelada,Preço,1
A01366,C01366,P1,2021-12-09,,Ativa,,0
A01367,C01367,P1,2021-04-13,,Ativa,,0
A01368,C01368,P2,2022-06-29,,Ativa,,0
A01369,C01369,P1,2021-04-10,,Ativa,,0
A01370,C01370,P4,2022-05-02,,Ativa,,0
A01371,C01371,P3,2022-07-09,,Ativa,,0
A01372,C01372,P4,2021-01-21,,Ativa,,0
A01373,C01373,P1,2020-12-09,2025-03-09,Cancelada,Atendimento,1
A01374,C01374,P1,2021-02-22,2024-02-13,Cancelada,Insatisfação,1
A01375,C01375,P2,2020-12-31,2023-06-20,Cancelada,Preço,1
A01376,C01376,P3,2020-11-17,2023-04-10,Cancelada,Atendimento,1
A01377,C01377,P1,2022-05-16,2023-09-30,Cancelada,Insatisfação,1
A01378,C01378,P1,2022-11-19,2025-07-17,Cancelada,Atendimento,1
A01379,C01379,P1,2022-02-25,,Ativa,,0
A01380,C01380,P2,2020-08-28,,Ativa,,0
A01381,C01381,P1,2022-07-21,,Ativa,,0
A01382,C01382,P2,2022-02-21,2023-11-15,Cancelada,Concorrência,1
A01383,C01383,P3,2020-12-06,,Ativa,,0
A01384,C01384,P4,2022-09-27,,Ativa,,0
A01385,C01385,P2,2021-03-19,,Ativa,,0
A01386,C01386,P2,2021-05-02,,Ativa,,0
A01387,C01387,P1,2021-04-06,,Ativa,,0
A01388,C01388,P2,2020-07-28,2024-11-17,Cancelada,Preço,1
A01389,C01389,P1,2021-05-03,,Ativa,,0
A01390,C01390,P1,2022-03-07,2024-06-12,Cancelada,Concorrência,1
A01391,C01391,P2,2020-08-05,,Ativa,,0
A01392,C01392,P2,2021-02-09,,Ativa,,0
A01393,C01393,P3,2022-09-01,2024-11-04,Cancelada,Preço,1
A01394,C01394,P4,2022-07-12,,Ativa,,0
A01395,C01395,P2,2022-01-06,,Ativa,,0
A01396,C01396,P2,2021-12-01,,Ativa,,0
A01397,C01397,P2,2021-08-22,,Ativa,,0
A01398,C01398,P1,2021-01-07,2024-07-01,Cancelada,Preço,1
A01399,C01399,P4,2022-08-14,,Ativa,,0
A01400,C01400,P1,2020-12-18,,Ativa,,0
A01401,C01401,P1,2020-09-16,,Ativa,,0
A01402,C01402,P2,2022-05-11,,Ativa,,0
A01403,C01403,P1,2020-11-21,2023-06-27,Cancelada,Insatisfação,1
A01404,C01404,P1,2020-12-17,2023-09-04,Cancelada,Insatisfação,1
A01405,C01405,P3,2021-11-01,2023-05-16,Cancelada,Insatisfação,1
A01406,C01406,P1,2021-03-31,2024-12-25,Cancelada,Preço,1
A01407,C01407,P4,2022-04-19,,Ativa,,0
A01408,C01408,P2,2022-09-14,2025-02-01,Cancelada,Atendimento,1
A01409,C01409,P2,2021-11-04,2025-04-13,Cancelada,Insatisfação,1
A01410,C01410,P3,2022-06-02,2025-06-16,Cancelada,Preço,1
A01411,C01411,P1,2021-01-30,,Ativa,,0
A01412,C01412,P1,2021-09-26,,Ativa,,0
A01413,C01413,P3,2021-07-06,2023-10-24,Cancelada,Insatisfação,1
A01414,C01414,P1,2021-01-11,2025-03-23,Cancelada,Insatisfação,1
A01415,C01415,P2,2020-11-17,2025-07-24,Cancelada,Preço,1
A01416,C01416,P3,2020-12-30,,Ativa,,0
A01417,C01417,P1,2022-06-02,2025-03-29,Cancelada,Insatisfação,1
A01418,C01418,P2,2021-06-06,,Ativa,,0
A01419,C01419,P3,2021-09-17,,Ativa,,0
A01420,C01420,P3,2021-04-29,,Ativa,,0
A01421,C01421,P2,2021-11-06,,Ativa,,0
A01422,C01422,P1,2020-07-29,,Ativa,,0
A01423,C01423,P1,2021-05-29,2023-08-10,Cancelada,Atendimento,1
A01424,C01424,P4,2022-02-22,,Ativa,,0
A01425,C01425,P1,2022-05-04,,Ativa,,0
A01426,C01426,P2,2022-04-16,,Ativa,,0
A01427,C01427,P3,2021-04-09,,Ativa,,0
A01428,C01428,P2,2022-06-30,,Ativa,,0
A01429,C01429,P1,2021-01-25,,Ativa,,0
A01430,C01430,P1,2022-02-07,,Ativa,,0
A01431,C01431,P2,2021-12-07,,Ativa,,0
A01432,C01432,P1,2021-05-31,,Ativa,,0
A01433,C01433,P1,2021-04-27,,Ativa,,0
A01434,C01434,P1,2022-01-09,2024-03-22,Cancelada,Atendimento,1
A01435,C01435,P2,2021-10-15,2024-11-15,Cancelada,Atendimento,1
A01436,C01436,P3,2020-10-12,,Ativa,,0
A01437,C01437,P2,2021-10-08,2023-06-25,Cancelada,Preço,1
A01438,C01438,P2,2022-11-09,,Ativa,,0
A01439,C01439,P2,2022-11-09,2025-07-19,Cancelada,Concorrência,1
A01440,C01440,P1,2021-08-06,,Ativa,,0
A01441,C01441,P1,2021-08-19,2023-10-17,Cancelada,Atendimento,1
A01442,C01442,P4,2020-07-28,,Ativa,,0
A01443,C01443,P1,2021-06-18,,Ativa,,0
A01444,C01444,P3,2021-02-08,,Ativa,,0
A01445,C01445,P1,2021-11-25,2024-07-05,Cancelada,Preço,1
A01446,C01446,P1,2020-10-22,,Ativa,,0
A01447,C01447,P1,2022-05-01,,Ativa,,0
A01448,C01448,P3,2022-02-03,,Ativa,,0
A01449,C01449,P2,2022-07-04,,Ativa,,0
A01450,C01450,P3,2021-02-21,,Ativa,,0
A01451,C01451,P3,2022-07-05,,Ativa,,0
A01452,C01452,P1,2022-11-20,,Ativa,,0
A01453,C01453,P2,2021-12-15,,Ativa,,0
A01454,C01454,P1,2021-07-27,,Ativa,,0
A01455,C01455,P1,2022-01-20,,Ativa,,0
A01456,C01456,P3,2021-04-28,2023-08-12,Cancelada,Preço,1
A01457,C01457,P1,2021-12-30,,Ativa,,0
A01458,C01458,P2,2021-05-01,2024-05-02,Cancelada,Preço,1
A01459,C01459,P2,2022-04-13,,Ativa,,0
A01460,C01460,P1,2022-07-20,,Ativa,,0
A01461,C01461,P3,2021-08-14,,Ativa,,0
A01462,C01462,P2,2021-08-02,,Ativa,,0
A01463,C01463,P1,2021-04-16,2025-08-04,Cancelada,Atendimento,1
A01464,C01464,P1,2022-12-02,2024-09-24,Cancelada,Preço,1
A01465,C01465,P1,2021-06-24,,Ativa,,0
A01466,C01466,P1,2022-08-10,,Ativa,,0
A01467,C01467,P1,2020-10-15,2025-08-23,Cancelada,Preço,1
A01468,C01468,P2,2020-10-12,,Ativa,,0
A01469,C01469,P2,2020-12-31,,Ativa,,0
A01470,C01470,P1,2021-03-18,,Ativa,,0
A01471,C01471,P3,2022-04-12,2024-08-06,Cancelada,Preço,1
A01472,C01472,P1,2021-08-29,,Ativa,,0
A01473,C01473,P4,2021-10-10,,Ativa,,0
A01474,C01474,P3,2020-08-02,2024-12-29,Cancelada,Concorrência,1
A01475,C01475,P2,2020-09-07,2024-05-30,Cancelada,Atendimento,1
A01476,C01476,P1,2021-08-08,,Ativa,,0
A01477,C01477,P4,2021-11-13,2023-12-13,Cancelada,Preço,1
A01478,C01478,P1,2020-10-26,2024-06-08,Cancelada,Preço,1
A01479,C01479,P3,2022-01-30,,Ativa,,0
A01480,C01480,P2,2020-08-18,,Ativa,,0
A01481,C01481,P2,2021-11-28,2024-01-19,Cancelada,Concorrência,1
A01482,C01482,P1,2022-03-16,2024-11-26,Cancelada,Insatisfação,1
A01483,C01483,P3,2020-08-03,2024-01-27,Cancelada,Insatisfação,1
A01484,C01484,P2,2020-09-14,2025-03-23,Cancelada,Atendimento,1
A01485,C01485,P3,2022-08-30,,Ativa,,0
A01486,C01486,P1,2020-10-24,2024-08-31,Cancelada,Concorrência,1
A01487,C01487,P3,2021-02-04,,Ativa,,0
A01488,C01488,P2,2022-11-11,,Ativa,,0
A01489,C01489,P1,2022-01-06,,Ativa,,0
A01490,C01490,P3,2020-10-05,,Ativa,,0
A01491,C01491,P3,2022-01-21,,Ativa,,0
A01492,C01492,P1,2022-01-01,2025-05-18,Cancelada,Mudança de necessidade,1
A01493,C01493,P2,2022-04-08,2023-08-19,Cancelada,Atendimento,1
A01494,C01494,P4,2021-11-08,,Ativa,,0
A01495,C01495,P1,2022-08-29,,Ativa,,0
A01496,C01496,P3,2021-12-01,2023-07-28,Cancelada,Preço,1
A01497,C01497,P1,2021-06-30,2023-05-04,Cancelada,Concorrência,1
A01498,C01498,P2,2020-07-29,2023-09-16,Cancelada,Preço,1
A01499,C01499,P3,2021-08-07,,Ativa,,0
A01500,C01500,P3,2022-06-26,2023-08-11,Cancelada,Insatisfação,1
A01501,C01501,P1,2021-11-17,2025-01-06,Cancelada,Insatisfação,1
A01502,C01502,P4,2021-11-24,2025-06-29,Cancelada,Atendimento,1
A01503,C01503,P2,2021-03-06,,Ativa,,0
A01504,C01504,P2,2022-10-16,,Ativa,,0
A01505,C01505,P1,2022-04-18,2025-04-05,Cancelada,Insatisfação,1
A01506,C01506,P2,2022-07-18,,Ativa,,0
A01507,C01507,P1,2021-01-29,,Ativa,,0
A01508,C01508,P3,2021-06-23,,Ativa,,0
A01509,C01509,P3,2021-03-13,2023-03-28,Cancelada,Preço,1
A01510,C01510,P1,2021-06-18,,Ativa,,0
A01511,C01511,P1,2021-11-14,,Ativa,,0
A01512,C01512,P3,2022-11-18,,Ativa,,0
A01513,C01513,P1,2021-07-28,,Ativa,,0
A01514,C01514,P4,2022-08-04,,Ativa,,0
A01515,C01515,P1,2020-08-28,,Ativa,,0
A01516,C01516,P1,2021-09-22,,Ativa,,0
A01517,C01517,P3,2021-05-18,,Ativa,,0
A01518,C01518,P2,2022-05-30,2023-08-20,Cancelada,Insatisfação,1
A01519,C01519,P1,2021-06-12,,Ativa,,0
A01520,C01520,P3,2022-06-15,,Ativa,,0
A01521,C01521,P3,2020-07-22,,Ativa,,0
A01522,C01522,P1,2022-02-02,2024-10-12,Cancelada,Atendimento,1
A01523,C01523,P1,2022-12-02,,Ativa,,0
A01524,C01524,P3,2022-07-12,,Ativa,,0
A01525,C01525,P1,2021-10-28,,Ativa,,0
A01526,C01526,P4,2020-11-19,,Ativa,,0
A01527,C01527,P3,2021-02-18,,Ativa,,0
A01528,C01528,P2,2021-05-27,2023-04-25,Cancelada,Concorrência,1
A01529,C01529,P4,2021-11-07,2023-11-21,Cancelada,Concorrência,1
A01530,C01530,P3,2022-04-16,,Ativa,,0
A01531,C01531,P3,2020-07-15,,Ativa,,0
A01532,C01532,P1,2021-02-15,2025-02-19,Cancelada,Concorrência,1
A01533,C01533,P1,2020-12-02,,Ativa,,0
A01534,C01534,P2,2021-05-07,2024-03-10,Cancelada,Insatisfação,1
A01535,C01535,P2,2021-03-26,2024-10-15,Cancelada,Concorrência,1
A01536,C01536,P1,2021-09-27,,Ativa,,0
A01537,C01537,P2,2022-10-25,,Ativa,,0
A01538,C01538,P1,2021-10-06,,Ativa,,0
A01539,C01539,P2,2022-03-23,,Ativa,,0
A01540,C01540,P4,2021-05-10,,Ativa,,0
A01541,C01541,P1,2022-09-02,2023-07-20,Cancelada,Atendimento,1
A01542,C01542,P1,2022-01-16,,Ativa,,0
A01543,C01543,P3,2021-12-08,,Ativa,,0
A01544,C01544,P1,2020-12-15,2025-08-20,Cancelada,Concorrência,1
A01545,C01545,P2,2022-05-13,,Ativa,,0
A01546,C01546,P1,2021-11-03,,Ativa,,0
A01547,C01547,P1,2022-03-26,2024-07-16,Cancelada,Insatisfação,1
A01548,C01548,P1,2021-09-08,,Ativa,,0
A01549,C01549,P3,2020-07-27,,Ativa,,0
A01550,C01550,P1,2021-11-01,,Ativa,,0
A01551,C01551,P1,2022-01-09,,Ativa,,0
A01552,C01552,P3,2022-07-24,,Ativa,,0
A01553,C01553,P3,2022-04-13,,Ativa,,0
A01554,C01554,P2,2021-04-06,,Ativa,,0
A01555,C01555,P2,2021-12-12,2023-03-15,Cancelada,Insatisfação,1
A01556,C01556,P3,2020-12-02,,Ativa,,0
A01557,C01557,P1,2022-01-19,,Ativa,,0
A01558,C01558,P2,2022-01-14,,Ativa,,0
A01559,C01559,P3,2021-03-14,,Ativa,,0
A01560,C01560,P1,2020-07-30,,Ativa,,0
A01561,C01561,P1,2021-10-15,,Ativa,,0
A01562,C01562,P1,2022-06-04,2024-05-01,Cancelada,Insatisfação,1
A01563,C01563,P1,2021-02-08,,Ativa,,0
A01564,C01564,P1,2021-01-02,,Ativa,,0
A01565,C01565,P1,2022-11-04,,Ativa,,0
A01566,C01566,P1,2021-12-14,,Ativa,,0
A01567,C01567,P2,2021-07-01,,Ativa,,0
A01568,C01568,P3,2022-02-07,,Ativa,,0
A01569,C01569,P4,2022-05-19,2025-06-20,Cancelada,Preço,1
A01570,C01570,P4,2022-08-05,,Ativa,,0
A01571,C01571,P4,2022-05-24,,Ativa,,0
A01572,C01572,P4,2020-07-17,,Ativa,,0
A01573,C01573,P2,2021-06-16,,Ativa,,0
A01574,C01574,P2,2021-10-15,,Ativa,,0
A01575,C01575,P1,2021-03-18,2024-12-23,Cancelada,Insatisfação,1
A01576,C01576,P2,2022-01-22,2025-08-25,Cancelada,Insatisfação,1
A01577,C01577,P2,2022-01-26,,Ativa,,0
A01578,C01578,P3,2020-07-16,,Ativa,,0
A01579,C01579,P1,2022-04-20,,Ativa,,0
A01580,C01580,P2,2020-12-27,2024-05-25,Cancelada,Atendimento,1
A01581,C01581,P4,2022-06-04,,Ativa,,0
A01582,C01582,P1,2021-01-05,2025-02-10,Cancelada,Insatisfação,1
A01583,C01583,P1,2021-11-11,,Ativa,,0
A01584,C01584,P1,2022-07-24,2023-11-20,Cancelada,Insatisfação,1
A01585,C01585,P3,2022-05-29,,Ativa,,0
A01586,C01586,P3,2022-02-14,,Ativa,,0
A01587,C01587,P3,2022-09-05,,Ativa,,0
A01588,C01588,P2,2022-05-28,2023-08-30,Cancelada,Concorrência,1
A01589,C01589,P3,2021-03-31,,Ativa,,0
A01590,C01590,P3,2021-12-18,,Ativa,,0
A01591,C01591,P1,2022-06-29,,Ativa,,0
A01592,C01592,P1,2022-09-22,2024-06-16,Cancelada,Preço,1
A01593,C01593,P2,2022-10-05,,Ativa,,0
A01594,C01594,P3,2022-07-09,2024-06-07,Cancelada,Insatisfação,1
A01595,C01595,P3,2022-08-02,,Ativa,,0
A01596,C01596,P3,2022-02-16,,Ativa,,0
A01597,C01597,P2,2021-02-19,,Ativa,,0
A01598,C01598,P3,2021-10-31,,Ativa,,0
A01599,C01599,P1,2021-08-19,2024-06-20,Cancelada,Atendimento,1
A01600,C01600,P2,2021-08-18,,Ativa,,0
A01601,C01601,P1,2022-07-19,2023-11-13,Cancelada,Insatisfação,1
A01602,C01602,P4,2021-08-15,,Ativa,,0
A01603,C01603,P1,2021-05-26,2024-07-20,Cancelada,Insatisfação,1
A01604,C01604,P1,2021-06-21,,Ativa,,0
A01605,C01605,P1,2022-02-26,,Ativa,,0
A01606,C01606,P1,2020-10-13,,Ativa,,0
A01607,C01607,P2,2021-01-09,,Ativa,,0
A01608,C01608,P3,2022-05-09,,Ativa,,0
A01609,C01609,P4,2020-08-06,,Ativa,,0
A01610,C01610,P1,2022-06-18,,Ativa,,0
A01611,C01611,P2,2020-12-16,,Ativa,,0
A01612,C01612,P1,2021-11-09,,Ativa,,0
A01613,C01613,P3,2021-04-13,,Ativa,,0
A01614,C01614,P4,2021-11-19,,Ativa,,0
A01615,C01615,P4,2020-09-14,,Ativa,,0
A01616,C01616,P4,2021-10-01,,Ativa,,0
A01617,C01617,P4,2021-07-19,2024-09-01,Cancelada,Concorrência,1
A01618,C01618,P1,2020-10-26,2023-03-16,Cancelada,Insatisfação,1
A01619,C01619,P4,2022-11-22,,Ativa,,0
A01620,C01620,P1,2021-12-24,2023-03-05,Cancelada,Atendimento,1
A01621,C01621,P1,2020-11-26,2025-02-14,Cancelada,Insatisfação,1
A01622,C01622,P4,2021-06-29,2023-12-06,Cancelada,Concorrência,1
A01623,C01623,P1,2022-06-28,,Ativa,,0
A01624,C01624,P1,2022-09-21,2024-01-21,Cancelada,Insatisfação,1
A01625,C01625,P1,2021-03-15,,Ativa,,0
A01626,C01626,P4,2022-11-29,,Ativa,,0
A01627,C01627,P2,2021-08-02,2024-06-23,Cancelada,Concorrência,1
A01628,C01628,P3,2022-05-27,,Ativa,,0
A01629,C01629,P3,2022-05-23,,Ativa,,0
A01630,C01630,P1,2021-03-27,,Ativa,,0
A01631,C01631,P3,2021-06-07,2025-05-04,Cancelada,Preço,1
A01632,C01632,P1,2020-10-20,,Ativa,,0
A01633,C01633,P3,2022-01-10,,Ativa,,0
A01634,C01634,P1,2021-12-01,2025-08-06,Cancelada,Preço,1
A01635,C01635,P4,2022-04-13,,Ativa,,0
A01636,C01636,P3,2021-08-15,,Ativa,,0
A01637,C01637,P1,2020-09-16,2024-05-19,Cancelada,Mudança de necessidade,1
A01638,C01638,P1,2022-07-01,,Ativa,,0
A01639,C01639,P1,2022-05-14,2023-05-29,Cancelada,Preço,1
A01640,C01640,P3,2020-11-21,,Ativa,,0
A01641,C01641,P2,2022-08-16,,Ativa,,0
A01642,C01642,P1,2021-07-18,2024-11-20,Cancelada,Atendimento,1
A01643,C01643,P2,2021-03-16,,Ativa,,0
A01644,C01644,P1,2021-08-05,,Ativa,,0
A01645,C01645,P4,2022-01-16,,Ativa,,0
A01646,C01646,P2,2022-04-12,2024-07-26,Cancelada,Insatisfação,1
A01647,C01647,P2,2022-01-16,,Ativa,,0
A01648,C01648,P1,2022-09-25,,Ativa,,0
A01649,C01649,P1,2021-08-04,,Ativa,,0
A01650,C01650,P2,2021-07-24,,Ativa,,0
A01651,C01651,P2,2021-03-23,,Ativa,,0
A01652,C01652,P2,2022-01-31,2024-06-08,Cancelada,Preço,1
A01653,C01653,P2,2022-09-13,,Ativa,,0
A01654,C01654,P1,2022-08-14,,Ativa,,0
A01655,C01655,P1,2022-01-06,2024-09-10,Cancelada,Insatisfação,1
A01656,C01656,P1,2022-11-06,,Ativa,,0
A01657,C01657,P3,2022-01-05,2023-08-07,Cancelada,Preço,1
A01658,C01658,P3,2022-07-12,2024-04-13,Cancelada,Insatisfação,1
A01659,C01659,P1,2021-12-21,2023-05-03,Cancelada,Insatisfação,1
A01660,C01660,P2,2020-12-21,,Ativa,,0
A01661,C01661,P1,2022-04-14,,Ativa,,0
A01662,C01662,P2,2022-04-22,,Ativa,,0
A01663,C01663,P1,2022-11-13,,Ativa,,0
A01664,C01664,P1,2021-07-17,2023-07-19,Cancelada,Insatisfação,1
A01665,C01665,P2,2021-10-22,,Ativa,,0
A01666,C01666,P2,2020-10-21,2025-05-25,Cancelada,Preço,1
A01667,C01667,P1,2021-08-27,,Ativa,,0
A01668,C01668,P1,2020-11-02,2024-04-15,Cancelada,Atendimento,1
A01669,C01669,P2,2020-08-17,2025-03-07,Cancelada,Preço,1
A01670,C01670,P3,2022-11-20,,Ativa,,0
A01671,C01671,P3,2021-08-21,,Ativa,,0
A01672,C01672,P2,2022-09-14,,Ativa,,0
A01673,C01673,P3,2022-12-02,,Ativa,,0
A01674,C01674,P1,2020-11-03,,Ativa,,0
A01675,C01675,P1,2022-01-27,2025-02-23,Cancelada,Atendimento,1
A01676,C01676,P2,2022-06-07,2025-04-14,Cancelada,Insatisfação,1
A01677,C01677,P3,2022-02-26,2023-11-20,Cancelada,Preço,1
A01678,C01678,P2,2022-11-02,,Ativa,,0
A01679,C01679,P4,2022-10-18,,Ativa,,0
A01680,C01680,P1,2022-04-06,,Ativa,,0
A01681,C01681,P3,2021-05-09,,Ativa,,0
A01682,C01682,P1,2022-06-18,,Ativa,,0
A01683,C01683,P3,2021-10-12,,Ativa,,0
A01684,C01684,P3,2021-01-10,,Ativa,,0
A01685,C01685,P1,2021-12-27,,Ativa,,0
A01686,C01686,P1,2021-03-29,2024-05-23,Cancelada,Mudança de necessidade,1
A01687,C01687,P2,2020-08-10,,Ativa,,0
A01688,C01688,P2,2021-05-18,,Ativa,,0
A01689,C01689,P1,2021-05-20,2023-03-29,Cancelada,Preço,1
A01690,C01690,P1,2022-04-15,,Ativa,,0
A01691,C01691,P3,2020-09-04,,Ativa,,0
A01692,C01692,P1,2021-05-27,2024-02-14,Cancelada,Preço,1
A01693,C01693,P1,2022-09-25,,Ativa,,0
A01694,C01694,P2,2021-10-31,,Ativa,,0
A01695,C01695,P2,2021-04-04,,Ativa,,0
A01696,C01696,P1,2020-10-23,,Ativa,,0
A01697,C01697,P1,2022-11-05,,Ativa,,0
A01698,C01698,P2,2021-08-24,2025-08-04,Cancelada,Insatisfação,1
A01699,C01699,P1,2022-04-25,,Ativa,,0
A01700,C01700,P2,2021-07-06,2023-05-17,Cancelada,Insatisfação,1
A01701,C01701,P4,2022-03-18,,Ativa,,0
A01702,C01702,P2,2021-12-28,2024-08-11,Cancelada,Insatisfação,1
A01703,C01703,P2,2021-11-01,2023-04-05,Cancelada,Concorrência,1
A01704,C01704,P3,2020-08-27,,Ativa,,0
A01705,C01705,P4,2022-11-08,,Ativa,,0
A01706,C01706,P2,2021-09-30,,Ativa,,0
A01707,C01707,P1,2022-03-08,,Ativa,,0
A01708,C01708,P3,2022-05-25,,Ativa,,0
A01709,C01709,P1,2020-09-15,2024-04-01,Cancelada,Insatisfação,1
A01710,C01710,P1,2022-11-21,2025-03-05,Cancelada,Concorrência,1
A01711,C01711,P2,2021-06-07,,Ativa,,0
A01712,C01712,P1,2021-07-31,,Ativa,,0
A01713,C01713,P2,2022-07-06,,Ativa,,0
A01714,C01714,P4,2020-07-26,2024-09-07,Cancelada,Insatisfação,1
A01715,C01715,P2,2020-09-24,2023-03-12,Cancelada,Preço,1
A01716,C01716,P2,2021-07-30,2023-05-17,Cancelada,Insatisfação,1
A01717,C01717,P2,2020-10-02,,Ativa,,0
A01718,C01718,P1,2021-11-19,2025-07-08,Cancelada,Mudança de necessidade,1
A01719,C01719,P2,2022-01-21,,Ativa,,0
A01720,C01720,P4,2022-07-15,,Ativa,,0
A01721,C01721,P2,2021-02-24,,Ativa,,0
A01722,C01722,P2,2022-04-01,,Ativa,,0
A01723,C01723,P1,2022-02-20,2024-12-17,Cancelada,Insatisfação,1
A01724,C01724,P3,2022-05-22,2024-03-23,Cancelada,Concorrência,1
A01725,C01725,P2,2022-08-04,2024-06-27,Cancelada,Atendimento,1
A01726,C01726,P2,2020-11-28,2025-07-07,Cancelada,Concorrência,1
A01727,C01727,P2,2022-07-28,,Ativa,,0
A01728,C01728,P3,2021-04-14,2024-12-12,Cancelada,Preço,1
A01729,C01729,P4,2021-04-02,,Ativa,,0
A01730,C01730,P1,2022-10-21,,Ativa,,0
A01731,C01731,P3,2022-05-07,2023-07-27,Cancelada,Preço,1
A01732,C01732,P2,2022-04-21,,Ativa,,0
A01733,C01733,P1,2022-06-30,,Ativa,,0
A01734,C01734,P4,2022-06-21,,Ativa,,0
A01735,C01735,P1,2020-07-20,2024-06-21,Cancelada,Insatisfação,1
A01736,C01736,P1,2021-01-14,2024-08-19,Cancelada,Preço,1
A01737,C01737,P2,2022-08-22,2023-07-06,Cancelada,Preço,1
A01738,C01738,P3,2021-05-27,,Ativa,,0
A01739,C01739,P3,2022-01-07,,Ativa,,0
A01740,C01740,P2,2020-07-28,,Ativa,,0
A01741,C01741,P1,2022-03-23,,Ativa,,0
A01742,C01742,P2,2021-08-26,,Ativa,,0
A01743,C01743,P2,2021-09-24,,Ativa,,0
A01744,C01744,P4,2021-04-12,,Ativa,,0
A01745,C01745,P4,2022-10-14,,Ativa,,0
A01746,C01746,P2,2021-08-26,2025-04-19,Cancelada,Concorrência,1
A01747,C01747,P4,2021-10-09,,Ativa,,0
A01748,C01748,P2,2022-02-10,,Ativa,,0
A01749,C01749,P3,2021-03-25,,Ativa,,0
A01750,C01750,P1,2020-11-22,,Ativa,,0
A01751,C01751,P1,2020-10-09,,Ativa,,0
A01752,C01752,P1,2020-07-19,2023-07-16,Cancelada,Insatisfação,1
A01753,C01753,P1,2021-08-24,,Ativa,,0
A01754,C01754,P3,2022-02-11,,Ativa,,0
A01755,C01755,P3,2021-08-12,,Ativa,,0
A01756,C01756,P3,2022-06-15,,Ativa,,0
A01757,C01757,P2,2020-07-23,,Ativa,,0
A01758,C01758,P1,2022-04-26,2025-01-31,Cancelada,Concorrência,1
A01759,C01759,P3,2021-10-23,,Ativa,,0
A01760,C01760,P1,2022-05-07,,Ativa,,0
A01761,C01761,P1,2022-02-03,2023-10-31,Cancelada,Insatisfação,1
A01762,C01762,P3,2021-05-17,,Ativa,,0
A01763,C01763,P1,2021-07-02,,Ativa,,0
A01764,C01764,P2,2021-11-17,2025-01-18,Cancelada,Insatisfação,1
A01765,C01765,P2,2021-11-21,,Ativa,,0
A01766,C01766,P2,2020-11-16,,Ativa,,0
A01767,C01767,P1,2020-11-13,,Ativa,,0
A01768,C01768,P1,2022-11-20,2023-12-03,Cancelada,Preço,1
A01769,C01769,P3,2021-09-21,,Ativa,,0
A01770,C01770,P1,2020-09-18,2025-07-07,Cancelada,Insatisfação,1
A01771,C01771,P2,2021-01-16,,Ativa,,0
A01772,C01772,P4,2021-02-24,,Ativa,,0
A01773,C01773,P1,2020-09-27,,Ativa,,0
A01774,C01774,P1,2022-10-11,,Ativa,,0
A01775,C01775,P1,2020-07-21,,Ativa,,0
A01776,C01776,P2,2021-09-29,,Ativa,,0
A01777,C01777,P2,2020-09-30,2025-05-20,Cancelada,Preço,1
A01778,C01778,P2,2022-01-21,2023-05-27,Cancelada,Insatisfação,1
A01779,C01779,P1,2021-10-13,2024-11-09,Cancelada,Preço,1
A01780,C01780,P1,2022-08-21,,Ativa,,0
A01781,C01781,P2,2020-09-11,,Ativa,,0
A01782,C01782,P1,2021-01-19,,Ativa,,0
A01783,C01783,P1,2022-09-09,,Ativa,,0
A01784,C01784,P3,2021-04-04,,Ativa,,0
A01785,C01785,P1,2021-08-16,,Ativa,,0
A01786,C01786,P2,2021-01-21,2024-11-22,Cancelada,Insatisfação,1
A01787,C01787,P1,2021-09-30,2025-01-27,Cancelada,Concorrência,1
A01788,C01788,P1,2022-08-04,,Ativa,,0
A01789,C01789,P1,2020-12-28,2024-09-21,Cancelada,Preço,1
A01790,C01790,P1,2020-11-16,,Ativa,,0
A01791,C01791,P2,2022-06-25,,Ativa,,0
A01792,C01792,P3,2021-08-15,2024-08-17,Cancelada,Concorrência,1
A01793,C01793,P3,2020-10-24,,Ativa,,0
A01794,C01794,P2,2022-10-20,,Ativa,,0
A01795,C01795,P4,2021-10-01,,Ativa,,0
A01796,C01796,P1,2022-05-10,,Ativa,,0
A01797,C01797,P1,2021-04-07,,Ativa,,0
A01798,C01798,P3,2022-10-18,,Ativa,,0
A01799,C01799,P3,2020-08-05,,Ativa,,0
A01800,C01800,P4,2022-01-29,2023-03-04,Cancelada,Insatisfação,1
A01801,C01801,P1,2022-04-12,2023-07-01,Cancelada,Concorrência,1
A01802,C01802,P1,2021-06-02,2023-03-03,Cancelada,Insatisfação,1
A01803,C01803,P2,2021-04-17,,Ativa,,0
A01804,C01804,P3,2022-06-04,2024-08-09,Cancelada,Insatisfação,1
A01805,C01805,P2,2022-11-11,,Ativa,,0
A01806,C01806,P1,2022-05-08,,Ativa,,0
A01807,C01807,P2,2021-02-16,,Ativa,,0
A01808,C01808,P1,2022-06-02,,Ativa,,0
A01809,C01809,P3,2021-06-27,,Ativa,,0
A01810,C01810,P1,2021-05-23,,Ativa,,0
A01811,C01811,P3,2022-09-29,,Ativa,,0
A01812,C01812,P2,2022-11-02,,Ativa,,0
A01813,C01813,P2,2022-04-29,2025-01-31,Cancelada,Concorrência,1
A01814,C01814,P3,2020-07-31,2024-07-11,Cancelada,Atendimento,1
A01815,C01815,P1,2022-10-26,,Ativa,,0
A01816,C01816,P2,2022-01-14,,Ativa,,0
A01817,C01817,P2,2021-04-04,,Ativa,,0
A01818,C01818,P1,2022-03-26,,Ativa,,0
A01819,C01819,P1,2021-01-21,,Ativa,,0
A01820,C01820,P3,2022-09-17,2024-03-11,Cancelada,Atendimento,1
A01821,C01821,P4,2022-05-27,,Ativa,,0
A01822,C01822,P1,2022-01-11,2023-04-11,Cancelada,Mudança de necessidade,1
A01823,C01823,P1,2022-01-18,,Ativa,,0
A01824,C01824,P2,2021-05-16,,Ativa,,0
A01825,C01825,P3,2021-01-28,,Ativa,,0
A01826,C01826,P4,2022-10-20,,Ativa,,0
A01827,C01827,P2,2020-09-10,2024-07-05,Cancelada,Concorrência,1
A01828,C01828,P2,2021-08-08,2024-12-25,Cancelada,Preço,1
A01829,C01829,P2,2022-02-26,,Ativa,,0
A01830,C01830,P1,2022-02-06,2025-03-12,Cancelada,Preço,1
A01831,C01831,P2,2022-03-22,2024-06-26,Cancelada,Concorrência,1
A01832,C01832,P2,2020-10-29,,Ativa,,0
A01833,C01833,P2,2020-12-04,,Ativa,,0
A01834,C01834,P2,2021-04-23,,Ativa,,0
A01835,C01835,P1,2022-07-08,,Ativa,,0
A01836,C01836,P1,2021-02-20,,Ativa,,0
A01837,C01837,P3,2021-07-19,,Ativa,,0
A01838,C01838,P2,2020-10-27,2023-04-30,Cancelada,Insatisfação,1
A01839,C01839,P1,2022-02-19,,Ativa,,0
A01840,C01840,P2,2021-08-29,,Ativa,,0
A01841,C01841,P2,2022-07-19,,Ativa,,0
A01842,C01842,P4,2022-03-03,,Ativa,,0
A01843,C01843,P2,2020-10-29,2023-10-19,Cancelada,Preço,1
A01844,C01844,P1,2021-03-14,2024-05-09,Cancelada,Insatisfação,1
A01845,C01845,P1,2022-01-01,,Ativa,,0
A01846,C01846,P1,2022-03-20,,Ativa,,0
A01847,C01847,P4,2021-05-04,,Ativa,,0
A01848,C01848,P1,2020-10-16,2024-10-14,Cancelada,Insatisfação,1
A01849,C01849,P2,2022-08-19,,Ativa,,0
A01850,C01850,P2,2021-09-07,,Ativa,,0
A01851,C01851,P1,2021-04-10,,Ativa,,0
A01852,C01852,P3,2022-08-03,2025-03-20,Cancelada,Insatisfação,1
A01853,C01853,P4,2022-10-18,,Ativa,,0
A01854,C01854,P2,2022-08-22,2024-11-02,Cancelada,Insatisfação,1
A01855,C01855,P2,2021-12-02,,Ativa,,0
A01856,C01856,P4,2022-06-09,,Ativa,,0
A01857,C01857,P1,2022-02-03,,Ativa,,0
A01858,C01858,P1,2021-02-28,,Ativa,,0
A01859,C01859,P1,2022-11-25,,Ativa,,0
A01860,C01860,P3,2022-09-19,,Ativa,,0
A01861,C01861,P1,2020-12-02,,Ativa,,0
A01862,C01862,P4,2020-08-06,2024-06-07,Cancelada,Preço,1
A01863,C01863,P2,2020-07-29,,Ativa,,0
A01864,C01864,P3,2022-02-03,,Ativa,,0
A01865,C01865,P1,2022-10-08,,Ativa,,0
A01866,C01866,P1,2022-10-09,,Ativa,,0
A01867,C01867,P1,2021-06-30,,Ativa,,0
A01868,C01868,P1,2021-12-27,,Ativa,,0
A01869,C01869,P3,2022-07-12,,Ativa,,0
A01870,C01870,P2,2021-08-18,2025-02-15,Cancelada,Preço,1
A01871,C01871,P3,2020-09-30,2024-12-24,Cancelada,Concorrência,1
A01872,C01872,P3,2021-07-28,,Ativa,,0
A01873,C01873,P1,2022-11-06,,Ativa,,0
A01874,C01874,P2,2022-09-06,,Ativa,,0
A01875,C01875,P1,2020-10-07,,Ativa,,0
A01876,C01876,P3,2021-09-13,,Ativa,,0
A01877,C01877,P1,2021-11-11,,Ativa,,0
A01878,C01878,P1,2022-07-03,2024-04-27,Cancelada,Preço,1
A01879,C01879,P1,2020-08-13,,Ativa,,0
A01880,C01880,P1,2021-10-08,,Ativa,,0
A01881,C01881,P4,2020-09-26,,Ativa,,0
A01882,C01882,P1,2022-07-28,,Ativa,,0
A01883,C01883,P1,2021-05-21,,Ativa,,0
A01884,C01884,P1,2021-10-19,2025-01-15,Cancelada,Atendimento,1
A01885,C01885,P2,2020-11-19,,Ativa,,0
A01886,C01886,P1,2021-11-20,,Ativa,,0
A01887,C01887,P1,2022-10-22,,Ativa,,0
A01888,C01888,P4,2022-05-25,,Ativa,,0
A01889,C01889,P2,2022-05-20,2024-01-31,Cancelada,Preço,1
A01890,C01890,P1,2021-07-03,,Ativa,,0
A01891,C01891,P2,2022-06-03,,Ativa,,0
A01892,C01892,P3,2022-02-09,,Ativa,,0
A01893,C01893,P3,2022-05-18,,Ativa,,0
A01894,C01894,P1,2020-12-04,2023-06-03,Cancelada,Preço,1
A01895,C01895,P2,2022-03-31,,Ativa,,0
A01896,C01896,P1,2021-10-12,,Ativa,,0
A01897,C01897,P2,2021-10-30,,Ativa,,0
A01898,C01898,P3,2022-05-03,,Ativa,,0
A01899,C01899,P1,2020-07-28,,Ativa,,0
A01900,C01900,P1,2020-08-12,,Ativa,,0
A01901,C01901,P3,2021-10-27,,Ativa,,0
A01902,C01902,P1,2021-02-16,,Ativa,,0
A01903,C01903,P1,2021-12-16,,Ativa,,0
A01904,C01904,P3,2021-07-03,2025-06-27,Cancelada,Insatisfação,1
A01905,C01905,P2,2022-03-16,,Ativa,,0
A01906,C01906,P3,2022-04-03,,Ativa,,0
A01907,C01907,P1,2021-09-22,,Ativa,,0
A01908,C01908,P1,2020-08-17,,Ativa,,0
A01909,C01909,P4,2022-08-22,,Ativa,,0
A01910,C01910,P3,2022-08-13,,Ativa,,0
A01911,C01911,P1,2021-06-13,,Ativa,,0
A01912,C01912,P1,2020-09-25,,Ativa,,0
A01913,C01913,P4,2022-07-16,,Ativa,,0
A01914,C01914,P1,2021-03-22,,Ativa,,0
A01915,C01915,P1,2022-02-13,2023-03-02,Cancelada,Preço,1
A01916,C01916,P2,2021-03-04,,Ativa,,0
A01917,C01917,P2,2021-02-13,,Ativa,,0
A01918,C01918,P2,2021-11-04,,Ativa,,0
A01919,C01919,P1,2022-01-19,,Ativa,,0
A01920,C01920,P3,2022-02-04,,Ativa,,0
A01921,C01921,P1,2020-12-16,2025-01-22,Cancelada,Concorrência,1
A01922,C01922,P2,2022-06-07,,Ativa,,0
A01923,C01923,P1,2021-11-27,,Ativa,,0
A01924,C01924,P3,2021-10-11,2023-04-23,Cancelada,Atendimento,1
A01925,C01925,P1,2020-08-31,,Ativa,,0
A01926,C01926,P1,2021-11-06,2024-07-22,Cancelada,Insatisfação,1
A01927,C01927,P1,2021-07-27,,Ativa,,0
A01928,C01928,P3,2022-03-20,,Ativa,,0
A01929,C01929,P3,2020-07-15,,Ativa,,0
A01930,C01930,P3,2022-11-26,,Ativa,,0
A01931,C01931,P1,2021-07-05,2025-03-25,Cancelada,Insatisfação,1
A01932,C01932,P1,2022-09-26,2023-03-30,Cancelada,Atendimento,1
A01933,C01933,P2,2020-11-07,2023-08-29,Cancelada,Preço,1
A01934,C01934,P2,2021-02-28,2024-03-17,Cancelada,Preço,1
A01935,C01935,P1,2021-09-07,,Ativa,,0
A01936,C01936,P4,2021-01-14,,Ativa,,0
A01937,C01937,P1,2020-11-20,,Ativa,,0
A01938,C01938,P4,2021-10-22,,Ativa,,0
A01939,C01939,P2,2022-07-20,,Ativa,,0
A01940,C01940,P4,2021-08-14,,Ativa,,0
A01941,C01941,P1,2022-12-02,,Ativa,,0
A01942,C01942,P2,2021-05-22,,Ativa,,0
A01943,C01943,P1,2022-02-02,,Ativa,,0
A01944,C01944,P1,2022-10-19,2023-08-01,Cancelada,Concorrência,1
A01945,C01945,P1,2020-08-03,2025-01-11,Cancelada,Concorrência,1
A01946,C01946,P4,2022-06-11,,Ativa,,0
A01947,C01947,P3,2021-06-01,,Ativa,,0
A01948,C01948,P4,2020-09-20,,Ativa,,0
A01949,C01949,P1,2022-03-29,,Ativa,,0
A01950,C01950,P1,2021-07-16,2024-09-30,Cancelada,Concorrência,1
A01951,C01951,P4,2021-08-25,,Ativa,,0
A01952,C01952,P2,2021-11-24,,Ativa,,0
A01953,C01953,P1,2021-02-26,2023-08-16,Cancelada,Insatisfação,1
A01954,C01954,P2,2021-05-29,2025-04-20,Cancelada,Insatisfação,1
A01955,C01955,P3,2021-02-04,,Ativa,,0
A01956,C01956,P1,2021-05-11,,Ativa,,0
A01957,C01957,P2,2022-02-10,,Ativa,,0
A01958,C01958,P1,2020-12-24,,Ativa,,0
A01959,C01959,P1,2021-02-07,2023-10-23,Cancelada,Atendimento,1
A01960,C01960,P2,2022-02-15,,Ativa,,0
A01961,C01961,P3,2020-12-21,2025-01-29,Cancelada,Insatisfação,1
A01962,C01962,P2,2020-10-06,,Ativa,,0
A01963,C01963,P3,2022-09-28,2023-08-28,Cancelada,Preço,1
A01964,C01964,P1,2021-07-11,,Ativa,,0
A01965,C01965,P4,2020-09-14,,Ativa,,0
A01966,C01966,P1,2020-12-20,,Ativa,,0
A01967,C01967,P1,2021-12-28,2023-05-24,Cancelada,Preço,1
A01968,C01968,P3,2022-03-03,2025-01-20,Cancelada,Preço,1
A01969,C01969,P1,2021-12-06,2024-11-25,Cancelada,Insatisfação,1
A01970,C01970,P1,2020-09-15,,Ativa,,0
A01971,C01971,P4,2022-08-19,,Ativa,,0
A01972,C01972,P4,2022-06-03,,Ativa,,0
A01973,C01973,P4,2020-12-21,,Ativa,,0
A01974,C01974,P3,2021-11-19,,Ativa,,0
A01975,C01975,P4,2022-01-04,2024-03-09,Cancelada,Insatisfação,1
A01976,C01976,P1,2021-02-27,,Ativa,,0
A01977,C01977,P1,2021-07-28,2025-05-19,Cancelada,Insatisfação,1
A01978,C01978,P3,2022-09-05,,Ativa,,0
A01979,C01979,P2,2020-08-07,2024-06-28,Cancelada,Concorrência,1
A01980,C01980,P3,2022-08-25,,Ativa,,0
A01981,C01981,P4,2020-07-19,,Ativa,,0
A01982,C01982,P1,2020-12-20,,Ativa,,0
A01983,C01983,P3,2022-11-26,2024-12-24,Cancelada,Concorrência,1
A01984,C01984,P3,2021-12-29,2025-01-20,Cancelada,Insatisfação,1
A01985,C01985,P2,2020-09-12,,Ativa,,0
A01986,C01986,P1,2021-05-27,2024-12-30,Cancelada,Insatisfação,1
A01987,C01987,P1,2022-02-11,,Ativa,,0
A01988,C01988,P4,2022-11-06,,Ativa,,0
A01989,C01989,P1,2021-04-11,,Ativa,,0
A01990,C01990,P3,2022-01-12,2025-07-29,Cancelada,Concorrência,1
A01991,C01991,P2,2021-05-13,,Ativa,,0
A01992,C01992,P2,2022-07-08,,Ativa,,0
A01993,C01993,P1,2022-07-02,2024-12-16,Cancelada,Preço,1
A01994,C01994,P3,2021-06-12,,Ativa,,0
A01995,C01995,P1,2022-07-26,,Ativa,,0
A01996,C01996,P2,2021-06-18,2025-08-06,Cancelada,Atendimento,1
A01997,C01997,P2,2022-11-08,2024-05-07,Cancelada,Concorrência,1
A01998,C01998,P1,2021-07-29,,Ativa,,0
A01999,C01999,P1,2021-11-09,,Ativa,,0
